seed,variant,runtime_ms,informative_sites,site_rooted_rf,site_unrooted_rf,site_exact_rooted,site_exact_unrooted,relaxed_path_rooted_rf,relaxed_path_unrooted_rf,relaxed_path_bp_f1,bp_true,bp_predicted,bp_tp,bp_precision,bp_recall,bp_f1,bp_mae,bp_interval_coverage,bp_interval_width,master_rooted_rf,master_unrooted_rf,true_templates,inferred_templates,true_occurrences,inferred_occurrences,true_max_overlap,inferred_max_overlap,inferred_regions,temporal,graph_states,graph_edges,root_starts,oracle_network_site_rooted_rf,oracle_network_site_unrooted_rf,oracle_network_bp_f1,oracle_network_objective,oracle_data_parsimony,planted_history_data_parsimony,planted_history_objective,inferred_objective,warnings
26081300,default,988.3065190000007,427,0.33333333333332893,0,0,1,0.16666666666666446,0,1,0,0,0,null,1,1,null,null,null,0.3333333333333333,0,0,0,0,0,0,0,1,rank-feasible,19,18,3,0,0,1,729,729,729,729,729,The rooted-tree graph or root-placement universe was budget limited; increase advanced search budgets to test stability.
26081300,sensitive,1466.6350309999998,427,0.3502777777777753,0.020333333333333314,0,0.9491666666666667,0.33333333333332893,0,1,0,2,0,0,1,0,null,null,1,0.3333333333333333,0,0,1,0,1,0,1,3,rank-feasible,19,18,3,0,0,1,729,729,729,729,728.0304999999993,The rooted-tree graph or root-placement universe was budget limited; increase advanced search budgets to test stability.
26081300,sensitive-expanded,4242.1572639999995,427,0.3502777777777753,0.020333333333333314,0,0.9491666666666667,0.33333333333332893,0,1,0,2,0,0,1,0,null,null,1,0.3333333333333333,0,0,1,0,1,0,1,3,rank-feasible,31,32,4,0,0,1,729,729,729,729,728.0304999999993,The rooted-tree graph or root-placement universe was budget limited; increase advanced search budgets to test stability.
26089219,default,952.7422669999996,401,0.33333333333332893,0,0,1,0.33333333333332893,0,1,0,0,0,null,1,1,null,null,null,0.3333333333333333,0,0,0,0,0,0,0,1,rank-feasible,19,18,3,0,0,1,714,714,714,714,714,The rooted-tree graph or root-placement universe was budget limited; increase advanced search budgets to test stability.
26089219,sensitive,3707.602026999999,401,0.3481944444444389,0.026333333333333313,0,0.9575,0.33333333333332893,0,1,0,3,0,0,1,0,null,null,1,0.3333333333333333,0,0,2,0,3,0,2,4,rank-feasible,19,18,3,0,0,1,714,714,714,714,713.0394999999997,The rooted-tree graph or root-placement universe was budget limited; increase advanced search budgets to test stability.
26089219,sensitive-expanded,14678.334470000002,401,0.3481944444444389,0.026333333333333313,0,0.9575,0.33333333333332893,0,1,0,3,0,0,1,0,null,null,1,0.3333333333333333,0,0,2,0,3,0,2,4,rank-feasible,31,30,4,0,0,1,714,714,714,714,713.0394999999997,The rooted-tree graph or root-placement universe was budget limited; increase advanced search budgets to test stability.
26097138,default,820.2173949999997,417,0.33333333333332893,0,0,1,0.33333333333332893,0,1,0,0,0,null,1,1,null,null,null,0.3333333333333333,0,0,0,0,0,0,0,1,rank-feasible,19,18,3,0,0,1,677,677,677,677,677,The rooted-tree graph or root-placement universe was budget limited; increase advanced search budgets to test stability.
26097138,sensitive,842.2145749999981,417,0.33333333333332893,0,0,1,0.33333333333332893,0,1,0,0,0,null,1,1,null,null,null,0.3333333333333333,0,0,0,0,0,0,0,1,rank-feasible,19,18,3,0,0,1,677,677,677,677,677,The rooted-tree graph or root-placement universe was budget limited; increase advanced search budgets to test stability.
26097138,sensitive-expanded,1801.7346140000009,417,0.33333333333332893,0,0,1,0.33333333333332893,0,1,0,0,0,null,1,1,null,null,null,0.3333333333333333,0,0,0,0,0,0,0,1,rank-feasible,31,30,4,0,0,1,677,677,677,677,677,The rooted-tree graph or root-placement universe was budget limited; increase advanced search budgets to test stability.
