Codon Sites,P(omega2 > 1),Empirical Bayes factor,mean(alpha),mean(omega1),mean(omega2),P(omega2 > 1) > 0.9
1,0.4204966762025218,1.2135397258469929,0.6507048155480288,0.41741770918586757,2.272419834946533,false
2,0.3300737744741803,0.8240079500175062,0.7898313877295816,0.4058513859119745,1.7800080941855991,false
3,0.15872389199213746,0.31553759461357467,0.8484092602267858,0.30234816469011205,0.8803410916734004,false
4,0.2582929049749423,0.582408098161485,1.3312100457792304,0.46045964453697497,1.2191431714560974,false
5,0.8544770254261514,9.820106291272168,0.757679698272066,0.4451839652553564,4.705506129430445,false
6,0.07344158558334307,0.13256125343387093,1.686298602249454,0.2616943887515364,0.46695013286509757,false
7,0.28878697167523176,0.6790867466448947,0.3713271748001998,0.32334431322701707,1.5913259698934386,false
8,0.2535730397599724,0.5681501442131875,0.5437422325982155,0.3209779434559003,1.3974098289993395,false
9,0.3798067121798823,1.0241956704552844,0.7380673792714373,0.42149861843089453,2.0311218744356676,false
10,0.17279140169980017,0.34934493373152864,0.82632501240204,0.3135591723690964,0.9459082055193402,false
11,0.2735875793708321,0.6298838556498089,0.3961053514806501,0.318100682441733,1.5096973199452555,false
12,0.7032981109260594,3.9642998968296776,1.2337971409507564,0.4818803132034611,3.0084758919195953,false
13,0.22679022280376784,0.4905399159875902,1.1304341481014524,0.40579806078384095,1.1810166817759344,false
14,0.16389862405033445,0.32784135134585246,0.9215325597364894,0.31497072639544016,0.8991785756304856,false
15,0.25437339932971514,0.570555192460587,0.44334505191091383,0.3117060663603498,1.4071354176103144,false
16,0.2210271323480279,0.4745375893907333,1.5437439332089504,0.4460175087277118,1.0651330070435157,false
17,0.37288217157739784,0.9944199609638094,0.7629101160529088,0.4220576638449443,1.989980425839005,false
18,0.13921271179749814,0.27047704325362526,1.551055654184909,0.3764736409069718,0.7631061229504498,false
19,0.05556495636947566,0.09839572861711073,1.8909604104748596,0.23589520042748613,0.3851517355607504,false
20,0.4577863879937983,1.4120166592062815,0.6675161927293056,0.4344460776875791,2.448422620651337,false
21,0.4979698272083645,1.6589013897099654,0.9988006590988098,0.5055337205772817,2.254168353682708,false
22,0.272549471767668,0.6265983440216634,0.4204512564926997,0.3199915321282809,1.5028482274510937,false
23,0.12581193985739733,0.24069349317840463,1.0139841527239888,0.2797554227731507,0.7222619315158129,false
24,0.8197513519706239,7.6060204259246,1.3150084418258365,0.4477652801463657,4.12442910414385,false
25,0.2763679225268075,0.6387298099398697,0.40112678707171495,0.3201113450711549,1.5239587745972984,false
26,0.4097005752478435,1.1607577057794038,0.7313773582580927,0.4250275143752802,2.190264696575206,false
27,0.45409755407681185,1.3911741017318542,1.1090164326963667,0.49888934332162826,2.036348462691,false
28,0.10531026035369281,0.1968546107376571,1.2409396527160161,0.28917055297839966,0.615711926918925,false
29,0.44298880619598435,1.330075185202547,0.6173852653656756,0.42349474011365235,2.3910927305454965,false
30,0.05950346112602658,0.10581138232227957,2.9837236014094195,0.2706283081595657,0.4250297749307546,false
31,0.15729205874467325,0.3121598705913221,0.8803533688666081,0.30441261218440496,0.872101752834994,false
32,0.13713637283708463,0.2658017634468628,1.102820257362777,0.30002479452516945,0.7711416272802591,false
33,0.8104681551718014,7.151565606660895,0.8427811666541695,0.453357086425287,4.2551459960817,false
34,0.6121273481179027,2.63936823267601,1.069687420598946,0.491523305526463,2.713411642609284,false
35,0.3775681562864158,1.0144973520246452,0.732559596311829,0.41569195727766567,2.0287052966950796,false
36,0.12497835916027308,0.23887097719195918,1.7331287275039962,0.35442740475006834,0.7068742736866231,false
37,0.619042998993983,2.717641831790673,1.2301800289336218,0.49123653017367086,2.6137530707860845,false
38,0.5285801530413624,1.8752119050394882,1.0729971502482427,0.5025754253474313,2.3284449309105586,false
39,0.17643988645108735,0.3583016651700363,1.9816071792208658,0.4012031391102956,0.890355835609231,false
40,0.2691500649837656,0.6159048699136617,0.41405638533931044,0.3174409195504467,1.4855041310632917,false
41,0.7185540745996117,4.269842469174214,1.534799428054908,0.4536486294768273,2.9661952564482807,false
42,0.10062905683838093,0.1871250423488962,1.2374906877021594,0.28197906176733994,0.5952639253174545,false
43,0.12070035672742936,0.22957205319865379,1.9767718792800468,0.35231876477358565,0.6761508352807353,false
44,0.288421014871543,0.6778773900698313,0.37085838098054946,0.3231766741778158,1.5893399785243183,false
45,0.10278569526869127,0.1915948584970048,1.2094519697204846,0.2841551911550008,0.6053498444071971,false
46,0.2360797460245876,0.5168423188048507,0.489619558359889,0.3038322052529375,1.3108909885088975,false
47,0.6111762481926004,2.628821169113609,1.0991915109886907,0.49411367003848333,2.6669943809713295,false
48,0.03738691882539603,0.06495540240983666,3.2050865625867315,0.18924617182166814,0.28575896010750645,false
49,0.7717418410234964,5.654485546917051,2.62497804982084,0.47585485181366466,3.04746151837528,false
50,0.295180064829125,0.700416238615653,0.41301990726315496,0.33057274384011986,1.6218916072381313,false
51,0.15107824533284356,0.2976333762158955,0.8805656977614693,0.297718037951858,0.8437081060325389,false
52,0.44614774552165376,1.3472001936869875,0.6062949504590764,0.4160737538620789,2.425692213618934,false
53,0.3344094626314228,0.8402698498444653,1.1252938481112704,0.4758800711419596,1.5866750326241912,false
54,0.4580892366772536,1.4137404115062364,0.6183419013054249,0.42272526669476823,2.4816715423517555,false
55,0.285824743461037,0.6693332267820806,0.36178901573291095,0.3210069485540821,1.5761649736059886,false
56,0.37984550885268636,1.0243643703800884,0.7104535422603977,0.41626238723637776,2.0419563909497906,false
57,0.09689211180823251,0.17943045058554585,2.045482223635522,0.33008483566011143,0.588678841575919,false
58,0.7726107538220781,5.6824835672003005,0.9491800863247676,0.4660264076328258,3.842628296677946,false
59,0.3682197535673041,0.9747391323713007,0.787761982635603,0.4160771651115466,1.9720175294239994,false
60,0.9631247944316621,43.681291962528945,0.8692957809134814,0.37982626298188193,6.011464748452677,true
61,0.27154783315760816,0.6234371298839049,0.41847200863505324,0.31918247711768305,1.4978021090386229,false
62,0.3593235595767153,0.9379815609804166,0.7328649093213984,0.40814197688738196,1.939346833939165,false
63,0.24514154202461125,0.5431236943753636,0.46830711043567097,0.30808900748589507,1.3584035189492731,false
64,0.5509024838218105,2.0515468495259253,0.6996576826209793,0.45929791089930866,2.960189922370229,false
65,0.10083037766661392,0.18754138949455892,1.2350875802066144,0.28216487414867625,0.5962059354731037,false
66,0.5282089475365983,1.872420619877871,0.7499602972265109,0.4680009194640934,2.784335802486307,false
67,0.9517206021763313,32.96818114786336,0.7643848639952058,0.41688558691410704,5.709735175455165,true
68,0.44239138253724986,1.3268582939546412,0.8471039483601531,0.4728630545367047,2.286559861529305,false
69,0.5178640139209746,1.796360707341934,0.6000522599538662,0.4329362456525986,2.814942941237715,false
70,0.09751663757126984,0.18071195138203902,1.275143389753646,0.27906876465178343,0.580709594195127,false
71,0.524131198690867,1.8420445976283149,0.7484806132916297,0.4661248041851674,2.7690165781902034,false
72,0.6222384284877462,2.754776783671358,0.8008764686741208,0.48124125380448834,3.2158173541160964,false
73,0.3161541877886079,0.7731933477593671,1.9840453910963745,0.4678029783699717,1.2891355178580814,false
74,0.27154783315760816,0.6234371298839049,0.41847200863505324,0.31918247711768305,1.4978021090386229,false
75,0.9980160566555847,841.3091734887904,1.6438536937427812,0.3352737584925974,7.570331055260479,true
76,0.17968776506410422,0.3663419726455825,0.876556919306147,0.32449027869885455,0.9732499437498519,false
77,0.26085416075010054,0.5902214564985317,0.43920263810821203,0.31511652045136507,1.4410592703288279,false
78,0.5393436257158385,1.9581043265492362,0.751302312195881,0.4692807624915118,2.8391386437538615,false
79,0.0962212794020545,0.17805590341408548,1.2845077855145293,0.2767200774903171,0.5749677914423679,false
80,0.32496884618569943,0.8051286359471485,1.1481740775926395,0.46875795932237624,1.5580066716456595,false
81,0.2382118300561587,0.5229696228394943,1.0254888007328855,0.4078952314930378,1.2433152622408394,false
82,0.6660045063617238,3.3349084965712597,0.8608122442728882,0.48433532719415495,3.3465682777373886,false
83,0.4110752529575145,1.1673709732561237,1.2355105470726389,0.49539575009350667,1.8238532685783186,false
84,0.7463123598463122,4.920040607727778,1.9090553149574645,0.44133026345839527,3.073190900264392,false
85,0.26097716917131153,0.5905980685509107,1.2236476860135503,0.4799935653589288,1.2223463328906605,false
86,0.5759694384390085,2.271693014504777,0.9042695050106508,0.48352619987846196,2.891921419440476,false
87,0.6196015558056527,2.724087976087258,1.0156298595917759,0.5009819313490959,2.7306925780752933,false
88,0.7636610447344975,5.403966991439249,1.6764851298036465,0.45961532316783843,3.104406266288096,false
89,0.13573366323676767,0.2626560050011726,0.9662840649813969,0.28829512702850163,0.7697414948810241,false
90,0.4138931301298793,1.1810241214646173,1.2695108564242512,0.4969296037289627,1.7395683234338806,false
91,0.2701395132894888,0.6190070885736432,0.994903075910446,0.3810045466727617,1.4759183793379111,false
92,0.10508773110458598,0.19638979422802044,1.1593063676153448,0.284343074720609,0.6166978399368849,false
93,0.39086332151699277,1.0731428322354477,0.9927770723848816,0.47962404938157654,1.8706237582545744,false
94,0.28088904291241307,0.6532602817645733,0.40890256716075557,0.32321641232643,1.5471960087675947,false
95,0.6303715215676883,2.8521904532160822,1.5742976585805464,0.41806963490123983,2.7787514707333822,false
96,0.28088904291241307,0.6532602817645733,0.40890256716075557,0.32321641232643,1.5471960087675947,false
97,0.1701823248239079,0.34298816346514077,1.331911371267712,0.3932630742579344,0.9044866062400785,false
98,0.9557692029952134,36.13895823070758,0.7642960679408389,0.4151960079995757,5.7907298836275025,true
99,0.2582843609341169,0.5823821240436191,0.45155392607351347,0.31487171266009667,1.427058166293829,false
100,0.8629658447372303,10.532031319066853,0.8628617901184622,0.4492574129496131,4.520951291775629,false
101,0.8515982426873351,9.597167498729645,0.9190821553072367,0.44709451913147874,4.414338929230625,false
102,0.15001186874634578,0.295161780474628,0.8877155484337398,0.2973013327201243,0.8384773394551713,false
103,0.15684417772604903,0.3111056655489648,0.8831550922232231,0.30424308707702635,0.8699114946975142,false
104,0.42642616135442457,1.2433742476960377,7.221094724613541,0.5201800650779311,1.7402924430588014,false
105,0.1564744489909132,0.3102362558491318,0.862900045549035,0.30144764499044024,0.8693465403457623,false
106,0.5192359124851463,1.8062591710793259,0.7677313288651669,0.46545982695370025,2.7362228871169347,false
107,0.4624798749618288,1.4389492314094134,0.6670460771977843,0.4318210539501055,2.4820979013859037,false
108,0.7937493021271037,6.436285370011232,1.2492511346292035,0.45558411968285456,3.582047209218878,false
109,0.1527578443169705,0.3015388861372263,0.9151011197026799,0.30321185500696995,0.8496894050870828,false
110,0.36727031014404843,0.970766922413581,0.7663025888075411,0.41721459215893286,1.966961225251756,false
111,0.2263337427853866,0.48926371774980293,1.1300107021605756,0.4046949137065359,1.1801212649374884,false
112,0.37110036391510703,0.9868642089961942,1.725692445841782,0.43024101301903867,1.6348448837965077,false
113,0.28868765650283007,0.6787584224304972,1.2317646515949783,0.47666241127163134,1.3271302321485505,false
114,0.3597965769329123,0.9399102743554716,0.7436363287243591,0.41723152251869705,1.9284983792954347,false
115,0.2517703439967969,0.562751961687926,1.3159174058672352,0.46616332862863624,1.1883841102267148,false
116,0.16193548330683435,0.32315578159853064,0.8519484850735624,0.3061062479227209,0.8948388657102205,false
117,0.22226253955346628,0.47794796444556814,1.6246894178569327,0.4343160648185138,1.0763227732880076,false
118,0.0764956765917729,0.1385304736171798,1.468576990110691,0.26400335931567226,0.4828856451277691,false
119,0.27188014630916946,0.6244849602454555,0.9674290004179045,0.42891102098251865,1.3814896099916927,false
120,0.27702904675546175,0.6408432589571579,0.4022961012709782,0.32057973095790687,1.5273564158002484,false
121,0.44918530477142377,1.3638524341443246,1.1274933576186559,0.49520038233320884,2.0235775131758973,false
122,0.41184099218406894,1.1710681796904903,1.143505674245339,0.5058618980496583,1.8388366584435123,false
123,0.26444872340694725,0.6012787879940947,1.0191163531286191,0.4221904119156137,1.3485492354386182,false
124,0.18682445064094813,0.3842348598509962,0.8092676108314575,0.3237612260015042,1.0106110683421932,false
125,0.25408121125054134,0.5696765808962625,0.4722686409207544,0.3142407543567785,1.4043744585955398,false
126,0.36863713112339275,0.9764891054740166,0.7281297426650768,0.4166278536346244,1.9784572509993374,false
127,0.24385201508707643,0.5393453159236098,0.5215759575711305,0.31225754299611064,1.3495618902233613,false
128,0.13876853349688867,0.269474994237535,0.9723689740401312,0.2927348354563924,0.7835227911172423,false
129,0.6459613144846434,3.0514281735642417,0.8036502827364487,0.4771518010562144,3.350141650679309,false
130,0.5857021966475691,2.364349005705431,0.867054074927332,0.4848313094964155,2.961594324072526,false
131,0.2970749564322665,0.7068127700332121,1.199615970802732,0.46363563381558565,1.4378829550234382,false
132,0.16336244051673593,0.32655942067480315,0.8722434695201986,0.3094170591237639,0.9002819061399642,false
133,0.6848387631959141,3.6341504263170137,0.8517670364604423,0.4766791908535825,3.4882739097061997,false
134,0.18399063512961186,0.377092536956109,1.2251636956475929,0.40120512419157556,0.9669316942207158,false
135,0.4266466476179919,1.2444955357852847,0.6568491325526443,0.42077358735249965,2.3011279186422664,false
136,0.22071994262091443,0.47369126246813653,1.0988485882026864,0.4073052108827358,1.1564673304955893,false
137,0.5744315149529092,2.257439712981726,0.8745227047752187,0.4864400762001852,2.895423896383675,false
138,0.26667094370701183,0.6081688419928476,0.40677928901760174,0.31543812897980306,1.4728124663230844,false
139,0.49348184667457823,1.6293843029577408,1.1844773597938023,0.49033739491764117,2.362304603753418,false
140,0.10405894839622812,0.19424388612615923,1.208332319986576,0.2859301898384667,0.6111036718746153,false
141,0.13423846481783477,0.2593140522413305,0.9701653819243533,0.2868311153892261,0.7628573270223813,false
142,0.37321312369381215,0.9958280933342076,0.7230298659715267,0.40798072577221667,2.0178082630057967,false
143,0.1685382622697677,0.33900304946293136,0.8192863185803426,0.30886975066352484,0.9269801479034652,false
144,0.4687273604474617,1.4755373803270715,0.799693291143675,0.4660669448101307,2.455408211106236,false
145,0.43122521968970856,1.2679764352474976,0.6612649054832811,0.4232982070215375,2.3219511190831175,false
146,0.07857728420855736,0.14262165168425475,1.5989817416011896,0.256249640327363,0.49085060710912676,false
147,0.47672604511728905,1.5236566877986117,0.6368400461040592,0.42885428023472144,2.5762472164341244,false
148,0.7545998004694519,5.1426756751530425,0.797139160883517,0.47018308054859975,3.935894919132067,false
149,0.2616039217252786,0.5925189308701856,0.48819200019017334,0.32052658337306034,1.442002828465483,false
150,0.4764247418764682,1.521817428627647,1.3691097619993144,0.5060541200793393,1.8813090801736045,false
151,0.11849537024614235,0.22481441077260308,1.0601860151816365,0.27243482651380546,0.6873214312158324,false
152,0.1498906481401537,0.2948812137527705,0.9878957895111248,0.30653983044788136,0.8329593779720498,false
153,0.2204902427354522,0.4730588607774305,1.2175131606842935,0.4153008948086555,1.1314189719581664,false
154,0.28951828949350356,0.6815072233672952,1.2925224509120292,0.4659487656970079,1.3374491609364458,false
155,0.16227721710344128,0.32396984365611614,0.8879994661239449,0.3101596042024738,0.8942476825624638,false
156,0.36652024278252016,0.9676372659063817,1.035691001593687,0.4687758046306962,1.780149168577961,false
157,0.18745717295629968,0.38583637090617134,1.2094747035235358,0.4028458550982864,0.9821421202179063,false
158,0.2708016265847156,0.6210877150788776,0.3962802422540788,0.3166362634304205,1.4950412118421939,false
159,0.12851480172429197,0.24662693006363573,1.092875931431315,0.28877648159435326,0.7328777279026365,false
160,0.433019969767109,1.277284153923147,0.6637839705476515,0.42424453467931783,2.33015514796618,false
161,0.3145104112728123,0.7673288465734588,1.1683252999156555,0.45882082776448035,1.534831322256178,false
162,0.558114859318324,2.112328941038732,0.8751870139044841,0.48545350676192844,2.8255914132856557,false
163,0.1098560205991716,0.20640060507289573,1.148349275331602,0.29066736824456113,0.6380858420885023,false
164,0.25674456259425404,0.5777108464365641,1.1033235272069546,0.43919815905781734,1.2466319932678431,false
165,0.39472630401787245,1.0906656341267722,0.7652668551908389,0.4250327709123312,2.1030565035962736,false
166,0.18732095213083474,0.38549136578198545,1.7249675116099814,0.43732959850499237,0.9155528547396725,false
167,0.6298243902442817,2.8455029236403906,1.7110131250323461,0.48736357898642074,2.4003158794763038,false
168,0.2691500649837656,0.6159048699136617,0.41405638533931044,0.3174409195504467,1.4855041310632917,false
169,0.4908050921471305,1.612027215934646,1.2482784536574847,0.49879611257249196,2.022640206919718,false
170,0.41661616434480664,1.1943430490161684,0.6792863412227312,0.42305981870829135,2.2378861704906576,false
171,0.3860462557698129,1.0516011541027455,0.9833252311325434,0.47659347216328024,1.8635811671967604,false
172,0.3923107892548114,1.079682564636346,0.7655467287712333,0.4264147191423509,2.087009063311104,false
173,0.28619721230372147,0.6705551791352221,0.36247914403187864,0.3213053448647364,1.5780267396823047,false
174,0.144181405475902,0.2817571191508225,2.391967696081379,0.3736415044019253,0.7719957714006228,false
175,0.8268623885181375,7.987101020877952,0.9801571430502569,0.4600868529767301,4.119325749556204,false
176,0.25408121125054134,0.5696765808962625,0.4722686409207544,0.3142407543567785,1.4043744585955398,false
177,0.2532601977606175,0.56721146803437,0.48677315462977944,0.3151724714906134,1.3993994650678194,false
178,0.16382779289945137,0.3276719109358321,0.8694354998465662,0.30958096175559396,0.9025631066743331,false
179,0.2735875793708321,0.6298838556498089,0.3961053514806501,0.318100682441733,1.5096973199452555,false
180,0.24385201508707643,0.5393453159236098,0.5215759575711305,0.31225754299611064,1.3495618902233613,false
181,0.22755225509043495,0.49267371882101213,1.1081824863892384,0.4045154198405896,1.1881337755465533,false
182,0.23917256959662034,0.5257418744257878,2.0850404046936646,0.4424231052100199,1.0692597241208401,false
183,0.9784080270041365,75.78356655924244,1.1987843854358957,0.3831108696949641,6.382712426430613,true
184,0.8798176300193796,12.243321615093143,0.7471295072874417,0.4086392172521189,5.054423593288869,false
185,0.2622762369121069,0.5945830612649249,0.9878342194989473,0.42039593687317245,1.3456250451755387,false
186,0.776656336346956,5.815708303279673,1.1017217761124034,0.45773796193077415,3.832791583412341,false
187,0.5034161327186536,1.695437889133312,1.1150275229643907,0.5037284185283616,2.3789677308164685,false
188,0.4617094755987986,1.4344962404572823,1.037705928393531,0.513187266823847,2.057286131027803,false
189,0.1929046122737694,0.39972849443807984,0.8130503193474437,0.3288101317347786,1.0375781792092595,false
190,0.12940157491562487,0.2485816386670676,1.0807558692186239,0.28905946928907883,0.7373151572450971,false
191,0.44911226622790096,1.3634498739349603,0.616851746030411,0.42435426060586673,2.424937182895129,false
192,0.30678216432191385,0.7401295444072516,1.1261271843995038,0.47738539531417273,1.4724917679909417,false
193,0.3841680430654902,1.0432931966916252,0.7135683473565102,0.41751721060013425,2.063606975939787,false
194,0.2849086047970324,0.6663330819399417,1.7244052759965394,0.47065136278381575,1.2185736772134526,false
195,0.467529978789129,1.468458454673667,0.8285466349404875,0.4670619671266249,2.4345103085680524,false
196,0.1792903029355181,0.3653546152992793,1.280894851161095,0.39382991374576637,0.947687637346121,false
197,0.26418722646594184,0.6004707464345127,1.7596711615056106,0.46685413673897314,1.1545468944981363,false
198,0.5235714306947855,1.8379153550452576,1.4101398067440583,0.5031841424228543,2.0344168135285057,false
199,0.38963806546597096,1.0676313041348346,0.7130529274585361,0.4146741139324992,2.099408653551392,false
200,0.14362192064393312,0.28048042044454186,1.522719867376479,0.37499420574018444,0.7843452025449925,false
201,0.2100166919338746,0.444614129542278,1.5607461941904945,0.44341558178758733,1.0056736065857406,false
202,0.25675584837486476,0.5777450136349784,0.44853478652205586,0.3137240285477618,1.4192237592591124,false
203,0.5778205220383863,2.2889863639416754,0.7675835158349922,0.4143683783168327,3.1500944053068527,false
204,0.1493213913634126,0.29356473072273653,0.9081869410103591,0.2986667028127202,0.8343497387162353,false
205,0.4696925817682748,1.4812670438093603,1.0545542464255693,0.4962939991863937,2.1444831559866735,false
206,0.15812094869223062,0.3141138385818593,0.8807141024622956,0.3053179470846835,0.875862799307193,false
207,0.23993554913197926,0.5279484747042454,1.0322521232855741,0.4116724140304455,1.2459310969337865,false
208,0.09537779709382935,0.17633048676223023,1.4199870178783083,0.292008777126386,0.5645671585879305,false
209,0.3807461658013042,1.0282866465397957,0.7349945417472779,0.4142879180669124,2.048784388030819,false
210,0.2575243909600347,0.5800741858824745,0.9931506763351399,0.4216311891529842,1.3208366131951799,false
211,0.13806254124066708,0.2678844283828896,0.9691757733197375,0.29136822029474624,0.7804276804930421,false
212,0.26843758492181624,0.6136762270472633,1.0009936281591798,0.38023927585132405,1.4672749501092612,false
213,0.16249313996497183,0.3244845473546587,0.8774633081075417,0.30910010835527096,0.8959355322533495,false
214,0.3434432988065061,0.8748430989146166,1.2485061588257242,0.479275289934043,1.5195188205462011,false
215,0.9785610525634539,76.3364270429384,0.9885960642840428,0.36404048695084024,6.361664942792089,true
216,0.26851853512163537,0.6139292212536787,0.47187241463685387,0.32288953451866964,1.4786204263045601,false
217,0.15276277574591032,0.3015503758072431,0.9093643199250716,0.3026476059090949,0.849973754952811,false
218,0.91648088342241,18.352062532183915,1.8587644238975614,0.3884941327900712,4.953438472045784,true
219,0.23228627028318047,0.5060245588411583,1.0528361773614143,0.41033709077248753,1.209774431019319,false
220,0.2502432245522857,0.5581993034233363,0.4799007463855925,0.3124882564875921,1.3842891694469766,false
221,0.15395604768955648,0.30433450149387054,0.8781067776536702,0.3005408025709131,0.8569948649816058,false
222,0.2502432245522857,0.5581993034233363,0.4799007463855925,0.3124882564875921,1.3842891694469766,false
223,0.4412898708179215,1.3209451226330653,0.8916971313120523,0.4726184795138756,2.2623072350277122,false
224,0.1308565259522914,0.2517974191064834,1.026149847337232,0.28709215761973783,0.7455036491033544,false
225,0.30770847949201374,0.7433576475148321,0.37089055224847856,0.33172905957544163,1.692248159705372,false
226,0.10034903750448541,0.18654625040359202,1.2342708126448887,0.28181952696909834,0.5941618145664959,false
227,0.14422906019623882,0.28186594048195823,1.5255883574737592,0.380040047490898,0.7827406707140815,false
228,0.36680040766135197,0.9688053865126764,0.7926715716349213,0.41518044328754283,1.9653846679173925,false
229,0.92097773478715,19.49157879577914,1.007696391474954,0.3946737115820872,5.240022707522073,true
230,0.2616039217252786,0.5925189308701856,0.48819200019017334,0.32052658337306034,1.442002828465483,false
231,0.5193440248439183,1.8070416206202116,0.767282026343446,0.4682157137240665,2.7277562701203757,false
232,0.2755633880479891,0.6361631175585187,0.3997981004614758,0.31959732610937513,1.5197699553445312,false
233,0.45335635425681253,1.3870201320492994,0.8049961842726635,0.4714463036847945,2.361773431152377,false
234,0.1949993336102072,0.4051205270811664,0.7056994834663926,0.2864471401506557,1.0957694936860154,false
235,0.7637198304875864,5.4057275758934455,5.493034542824653,0.5154447403672199,3.079513416478526,false
236,0.6169294747430334,2.693420395042886,1.0046886627403926,0.5005232998438434,2.7368005172290975,false
237,0.22064032026505073,0.47347200676994994,6.169937445966498,0.4701836939922844,1.0445801733728812,false
238,0.9851265986407554,110.77177361403609,2.489623932009221,0.3310216310860205,6.282908483794006,true
239,0.7297392867194107,4.515773710621951,2.145431347675878,0.4219817040398951,3.189947970004344,false
240,0.282415732511115,0.6582082772394875,0.36127900817215824,0.31931761034948664,1.558052588402929,false
241,0.2535730397599724,0.5681501442131875,0.5437422325982155,0.3209779434559003,1.3974098289993395,false
242,0.40526865831936304,1.139644908039744,1.7500255490208882,0.4885758285719675,1.6205934636091333,false
243,0.36302178392029194,0.9531373056661724,1.1266245739523941,0.47878596609231666,1.69569388271296,false
244,0.7529540768575378,5.097276113562602,1.2558741669887625,0.45952357980306147,3.3473024695563915,false
245,0.4844030852151389,1.5712451577513378,0.8032993303223352,0.4655663341563193,2.5367983576628195,false
246,0.8986902391101282,14.835633505123884,0.9146916957131714,0.41205561213121367,5.1004301105854095,false
247,0.5839073779177083,2.3469363381358765,1.0069072865616189,0.4952075166259783,2.6473687289248478,false
248,0.43266390924894316,1.2754329127249908,0.6102290665131116,0.42100002035482986,2.3358780559067105,false
249,0.5783924574992891,2.294360255467274,1.136514886550504,0.49825839618786305,2.4983356580822997,false
250,0.2763679225268075,0.6387298099398697,0.40112678707171495,0.3201113450711549,1.5239587745972984,false
251,0.4469736505000639,1.3517097902791477,0.8800519052863203,0.466725081565441,2.3104107752292067,false
252,0.4053413274209411,1.1399885518847361,0.6802455343605437,0.42180771231973546,2.176588818610523,false
253,0.24385201508707643,0.5393453159236098,0.5215759575711305,0.31225754299611064,1.3495618902233613,false
254,0.48740751767841184,1.590257134091184,7.542260770841337,0.4180838146873008,2.086863888458928,false
255,0.49568136120740397,1.6437846899519835,0.9013872405628209,0.48575539238422805,2.369637877713525,false
256,0.1352966629006231,0.26167806006961514,1.0041416045639193,0.2910057559129982,0.7665877295795264,false
257,0.16360579397031014,0.3271410368852174,0.9213226540261199,0.3146930411716176,0.8978842631398766,false
258,0.06454460813677049,0.11539427093442141,1.8029868343772677,0.2526275871159986,0.4271346414692316,false
259,0.4742930389939706,1.508865000502281,0.7977398272497749,0.46538480531017035,2.4868947661352063,false
260,0.30428642941650885,0.7314749720751517,0.3820536426363229,0.33145049037675284,1.6728986142088065,false
261,0.4722210987316032,1.4963759667538374,0.962597604617731,0.48452588797411794,2.2330163685416484,false
262,0.282415732511115,0.6582082772394875,0.36127900817215824,0.31931761034948664,1.558052588402929,false
263,0.4819237249130577,1.5557218956460204,0.6145128666263552,0.42852975754737194,2.609197503036158,false
264,0.4299480833618748,1.2613887949334095,0.6619554655413147,0.4244428837493075,2.3121928822756783,false
265,0.410043042180144,1.1624023551295648,0.6761699316606978,0.42273380017369117,2.2014081006877264,false
266,0.1949993336102072,0.4051205270811664,0.7056994834663926,0.2864471401506557,1.0957694936860154,false
267,0.5564047539423665,2.0977383141109245,1.2280037247554687,0.49335249727778735,2.3878945889155556,false
268,0.1371292444715374,0.2657857513056393,0.9687265554539759,0.29066324781352115,0.7761009957988523,false
269,0.3930380337767887,1.082980064730716,1.3529733516439724,0.4274494344515237,1.8912233092516162,false
270,0.19301843562988574,0.4000207684962468,0.8131406750735628,0.3288898412443008,1.0381188892113262,false
271,0.365744942046698,0.9644101030893522,0.7318580253427827,0.406595955250258,1.9776512807914228,false
272,0.24514154202461125,0.5431236943753636,0.46830711043567097,0.30808900748589507,1.3584035189492731,false
273,0.4070604624270619,1.1481427109313227,1.1364415814475928,0.5026167363816553,1.83047054607652,false
274,0.3755967094042813,1.006013844379033,0.7304392409503465,0.41253740230754843,2.0231677265068586,false
275,0.30878516283242685,0.7471206394789696,1.1645582401735706,0.46518043821973853,1.4937239251117782,false
276,0.6396955369312652,2.969279231863459,1.0042305907603604,0.49603262768789863,2.8490961010757148,false
277,0.2502432245522857,0.5581993034233363,0.4799007463855925,0.3124882564875921,1.3842891694469766,false
278,0.2454234742686042,0.5439514903185055,1.081776834156193,0.41728775692263165,1.2577247359837729,false
279,0.6294248649040776,2.840632041561833,1.273647831776824,0.4908783087112821,2.639024552373154,false
280,0.2458689793443393,0.545260822740294,0.526314459286948,0.3140888719532239,1.3595876090896395,false
281,0.2523806998524596,0.5645767607767347,0.4846478015001834,0.3143222121860063,1.3950502721337534,false
282,0.1053813722658861,0.1970031972281138,1.156258316772703,0.28458310824380284,0.6180664648605587,false
283,0.2169321204824362,0.4633101482998169,1.542856579489339,0.4367973739760072,1.0470937483954659,false
284,0.1606522028922155,0.3201047302295316,0.86499688022555,0.30626693044459385,0.8882653980339854,false
285,0.6812014903706913,3.5736060010259862,0.7397907782886491,0.4694485900226461,3.6421244382692195,false
286,0.25714208315815834,0.5789149479724802,0.44424230820177935,0.31345989899207766,1.4214831826887606,false
287,0.2049838166787108,0.43121212861589925,1.7723522241301555,0.42101462503282283,0.9983981082333103,false
288,0.2677940313442196,0.6116669148483187,0.9524385556423399,0.42018293468635837,1.376983770206989,false
289,0.30864645326471474,0.7466351939193497,1.2098740532252839,0.4673316341393297,1.475647818478223,false
290,0.23616944798859937,0.5170994200994509,1.0151824308703283,0.41141923396566393,1.2311063260394204,false
291,0.09532830519275992,0.1762293466915862,1.3982091323858044,0.2801926645961053,0.5687036564210096,false
292,0.1047389342646292,0.1956616963866512,1.1928105144922263,0.286132370434448,0.6144152514565939,false
293,0.28619721230372147,0.6705551791352221,0.36247914403187864,0.3213053448647364,1.5780267396823047,false
294,0.4474334949103624,1.3542264696746307,1.1032210116303425,0.5103741816790159,1.9726231120053113,false
295,0.17093388003278076,0.34481515443934996,0.8280444424320484,0.311911275099328,0.9373850910515934,false
296,0.25741415574930515,0.5797398070007815,0.4495686288192954,0.31407790277450304,1.4227039119345584,false
297,0.8194868177505201,7.592423263556605,0.7391735710112622,0.45261273939146524,4.512408466366025,false
298,0.14319472822374316,0.2795067247989133,1.50749959537289,0.37671725692982627,0.7824567410067346,false
299,0.22565647004207495,0.4873730133721499,1.134147907636678,0.40378919422676524,1.177091625134765,false
300,0.46859508346916434,1.4747537908257686,0.8411547357876901,0.46676311628734,2.4356584404156805,false
301,0.1805658493937229,0.3685266652564615,1.2834322082655643,0.39851266769240695,0.9481401023502188,false
302,0.26132867213182237,0.591674948403193,0.50368849404001,0.3218412217855698,1.4395845458692333,false
303,0.15697424019582354,0.3114116861541998,0.9120175090617793,0.30703242575905626,0.8689921317419381,false
304,0.18851532106117655,0.38852027649536197,0.8059641592588083,0.32470970732466564,1.018556271635162,false
305,0.24385201508707643,0.5393453159236098,0.5215759575711305,0.31225754299611064,1.3495618902233613,false
306,0.3732894508423934,0.9961530605132429,0.8002213394823112,0.42866411414104905,1.9756491223348565,false
307,0.3714649220697115,0.9884066313660932,0.747639880681316,0.41653794843239067,1.9925071700910355,false
308,0.13009602116565774,0.25011518465584237,0.9595468012598346,0.2807726665491623,0.743455428023662,false
309,0.3345332310266095,0.8407371797885583,1.0716624655754314,0.4740951479143453,1.6107518633067555,false
310,0.40784596611479357,1.1518842517496644,0.7316146722655912,0.42611324557892416,2.17756905920136,false
311,0.29514544161898243,0.7002996819804808,1.1625815113718918,0.469771770565877,1.428668120274595,false
312,0.9442359263910896,28.31870506534919,3.1969446588414305,0.4227135226779254,4.94886209113626,true
313,0.1937746678548814,0.40196470684967756,1.2224193575118694,0.41026177688552634,0.99987921571936,false
314,0.2908445814598788,0.6859096504601032,0.3696729977934045,0.32420231413117057,1.6022968328432576,false
315,0.6384145402098702,2.952834955004208,0.7820197689528956,0.477922005170801,3.3308012210099056,false
316,0.5045069916818463,1.70285245673297,0.8484133617017047,0.4692082168601836,2.6055807102618225,false
317,0.838197269915055,8.663786839254675,0.899220109521582,0.44907192033074267,4.354628219683111,false
318,0.1565476300742881,0.3104082791952678,0.8852222386981227,0.3041139053221231,0.8685116836380236,false
319,0.5216494741377186,1.823811206394922,1.0277280757002296,0.5018914890547488,2.3398533295073287,false
320,0.21877631292288385,0.4683518690366574,1.1253586740172268,0.4015595078912601,1.1488970886499408,false
321,0.3632138459584602,0.9539292063227413,0.7305288255375642,0.41708362765510093,1.9480673966743627,false
322,0.32556396539981985,0.8073148201456404,0.9403561766689789,0.44030523911431774,1.621494019621504,false
323,0.43391172559157265,1.2819308192549146,0.6618563361494165,0.4224659125554294,2.3393118919183005,false
324,0.26851853512163537,0.6139292212536787,0.47187241463685387,0.32288953451866964,1.4786204263045601,false
325,0.24385201508707643,0.5393453159236098,0.5215759575711305,0.31225754299611064,1.3495618902233613,false
326,0.2517795422638016,0.5627794399257389,1.0161093257703602,0.4130073695409368,1.302364301743795,false
327,0.6058465228764107,2.570659877845551,0.7185676567563879,0.46652181548428473,3.231922816570921,false
328,0.5456019098484267,2.0081065200002284,0.7194207718499018,0.46760115491516574,2.8937155217872745,false
329,0.6311907658243662,2.862241089487319,0.8013824973181485,0.4777155842445921,3.276354700390545,false
330,0.7984546304975134,6.625593404847939,0.8347793756091488,0.4699194114181535,4.071907893141033,false
331,0.43467322610384707,1.2859103681779043,1.2582091464442795,0.5043261119771308,1.7874435441359342,false
332,0.19052135347975255,0.3936276731466252,1.6753921640831708,0.423768193864415,0.9471521830642594,false
333,0.30428642941650885,0.7314749720751517,0.3820536426363229,0.33145049037675284,1.6728986142088065,false
334,0.9072854566986374,16.3660339502962,0.8403824933429469,0.4300492160846122,5.068191675294117,true
335,0.25703574352367703,0.5785927158379619,1.014635912162572,0.4172643041821361,1.3214989141872908,false
336,0.2833254766800106,0.6611667785604883,0.3578414927985709,0.3194273067204476,1.5630813425583678,false
337,0.9588330982025653,38.953115215863015,1.3292682366419748,0.40507053281772165,5.345192901914049,true
338,0.14097841979797532,0.2744706594724813,0.9533641667783604,0.29341326599026557,0.7943349527627271,false
339,0.28596739764698026,0.6698010793743743,0.3670432173916556,0.3216485961008889,1.5765308077238929,false
340,0.6623782871679058,3.2811273027950962,0.8664710893692379,0.4883338938770719,3.3003695195060323,false
341,0.695506975159473,3.820071600305884,1.119021653884078,0.48445065351091016,3.022184942415573,false
342,0.224101941104489,0.4830458047553506,1.072589928771903,0.4028726694701424,1.1774303341197552,false
343,0.4103023345239676,1.1636488408832313,0.8735203964057765,0.46128101854893344,2.143459604604354,false
344,0.6554673085422406,3.1817639800934634,1.4340747486283905,0.43851041909800914,3.1570252986384375,false
345,0.1300869278921557,0.2500950881552051,0.9593587413936983,0.2807739356065449,0.74339411860252,false
346,0.28619721230372147,0.6705551791352221,0.36247914403187864,0.3213053448647364,1.5780267396823047,false
347,0.7922318122208626,6.377061239385882,2.144237659900036,0.45371263657257965,3.3758766622985066,false
348,0.26798860479707987,0.6122740422592093,1.3512405938258734,0.4643095580282325,1.243240044092129,false
349,0.4176388005734869,1.1993771475588104,0.6510358144848724,0.4183896609266577,2.253893602561759,false
350,0.5293293613164698,1.8808589982690802,1.2972741453453391,0.5024608078029481,2.102762925347742,false
351,0.16608570854116833,0.3330874030635139,0.8211810531437664,0.3068473865914194,0.9155818769480126,false
352,0.2532601977606175,0.56721146803437,0.48677315462977944,0.3151724714906134,1.3993994650678194,false
353,0.10590066040974766,0.1980889527779056,1.2338462206720846,0.2896788895502654,0.6184617761107073,false
354,0.1288332888940076,0.24732851138179218,1.1419992081149382,0.3134429720469287,0.7187414768871553,false
355,0.7187015752878559,4.272958337832464,1.0805642435780078,0.4892069440334464,3.1121228663428133,false
356,0.3593167010438238,0.9379536164748222,0.8621478202789519,0.4433436226249277,1.7992873130329847,false
357,0.2523806998524596,0.5645767607767347,0.4846478015001834,0.3143222121860063,1.3950502721337534,false
358,0.4832151416341439,1.563788862676034,1.0771045152039542,0.4961480326232858,2.1804332341337282,false
359,0.13405408117051937,0.25890273140816183,1.698890591936262,0.36099799113361497,0.7415937280570151,false
360,0.27598501799866587,0.6375075248876892,1.2244746386689824,0.47905971757421645,1.277462942039657,false
361,0.4665761076867034,1.4628419072755758,1.0550067613387704,0.5043963109728514,2.0972467209561696,false
362,0.1949993336102072,0.4051205270811664,0.7056994834663926,0.2864471401506557,1.0957694936860154,false
363,0.15377635872320836,0.3039147515057303,0.8999010989689171,0.3026059815400411,0.8551005788198781,false
364,0.13121671852605613,0.2525951918380018,1.7579379724972868,0.3580469572138651,0.7294976063490515,false
365,0.12082824638045934,0.22984872961854314,1.2052729902947918,0.30735564272603694,0.6824185602311859,false
366,0.036033587934592215,0.06251625697635547,2.6215840071033836,0.18889032133321534,0.28143772965274894,false
367,0.2535730397599724,0.5681501442131875,0.5437422325982155,0.3209779434559003,1.3974098289993395,false
368,0.25209990684855643,0.5637368956416874,0.4679477811661786,0.31256952902869145,1.3943627806313446,false
369,0.30428642941650885,0.7314749720751517,0.3820536426363229,0.33145049037675284,1.6728986142088065,false
370,0.4160265097618354,1.1914483893086858,0.8477611959662842,0.46233572870441164,2.1789882496317605,false
371,0.19669330034940855,0.4095015407840737,1.203825299973964,0.4081538408598558,1.0169486271782162,false
372,0.25303616345395996,0.5665397407137656,1.4047916751616099,0.4570638440655213,1.2167267772043977,false
373,0.28524490458479734,0.6674334934965162,1.3232293478926573,0.4661950024459653,1.31168112030358,false
374,0.3284434827242447,0.8179475241256493,0.34127622492637955,0.33665962396210336,1.8076880301614002,false
375,0.3586186626559452,0.9351126445197842,0.738119851231484,0.41250839835867387,1.9291456470979866,false
376,0.1675696507631905,0.3366625593469139,0.8196378307397659,0.30796685122046724,0.9225332805944213,false
377,0.25531687250947055,0.5733969303201933,0.4451444722393981,0.312368652993259,1.4120267998217353,false
378,0.1310517506383716,0.25222973052706205,1.0215624815518074,0.2875332511089137,0.7464776604853981,false
379,0.08169157411241176,0.14877708903787426,1.4465887496388299,0.25877323055320056,0.5066409131133842,false
380,0.9886498955472006,145.67667765400424,1.4270529842603177,0.332877501450439,6.923313814960481,true
381,0.36923592355058116,0.9790037562045775,1.0175953584080342,0.48334648216542936,1.7555483172669601,false
382,0.514354979650486,1.7712969323231533,1.2741454662101597,0.5106189516996723,2.026908438090634,false
383,0.8285942092766508,8.084697329323125,1.3055887168035956,0.43373171142821954,4.093816400298946,false
384,0.5207760919751304,1.8174393357967251,0.7303947627849526,0.4695413628916973,2.748111370886889,false
385,0.32943891071864795,0.8216444121368022,1.4421841939671682,0.49153838992315896,1.4107019636844187,false
386,0.39347403555307253,1.084960792294673,0.6899118434308593,0.4196654512337307,2.1132266814417027,false
387,0.6102856193122995,2.6189913637813538,1.5145604670855441,0.4908846966967174,2.363271924637625,false
388,0.8365506214983014,8.559656058681556,0.7556454157736515,0.4534720122071586,4.528881084389947,false
389,0.48128372561235666,1.5517389600613802,1.052877657334693,0.5047891424295953,2.1508970077315253,false
390,0.18483591999631319,0.37921778819601665,1.751412039946693,0.42667662521237226,0.9154170650968945,false
391,0.6061603795381085,2.574041257587368,2.689757885119776,0.45884029363286993,2.4524777349888582,false
392,0.04731543847798691,0.08306175507110583,2.055325036417729,0.21805323832801032,0.3436914413792913,false
393,0.1530323650649485,0.30217869192386454,0.9080126148380188,0.3028225598729792,0.8512610866717704,false
394,0.5111540666407766,1.7487477765577761,0.7571681292605413,0.4691841643097953,2.6866461505679675,false
395,0.295180064829125,0.700416238615653,0.41301990726315496,0.33057274384011986,1.6218916072381313,false
396,0.8306061358155934,8.200584755114315,0.8705819103011729,0.45070812598112087,4.359269569944316,false
397,0.7003425509909615,3.9087041276761307,3.800056616833702,0.5492243766759178,2.4859827306733266,false
398,0.36648867172281624,0.967505698172522,0.7919730524880092,0.4155663908020149,1.9630434404829462,false
399,0.1949993336102072,0.4051205270811664,0.7056994834663926,0.2864471401506557,1.0957694936860154,false
400,0.281309973111002,0.6546224160409084,0.435861886715987,0.3261584664520616,1.5474324373700972,false
401,0.1559912638691276,0.30910120392142165,0.8820912243602957,0.3033599152690312,0.866075203021568,false
402,0.39450980162954347,1.0896776473423753,0.6993733615486452,0.414977420953492,2.12687174858706,false
403,0.27702904675546175,0.6408432589571579,0.4022961012709782,0.32057973095790687,1.5273564158002484,false
404,0.1566097370983753,0.3105542946873232,0.9025443339765626,0.3058549269912085,0.8678956433047335,false
405,0.9786956876608277,76.82941313852953,0.9248921994468174,0.38487737585584164,6.2879708122375835,true
406,0.9891889178292151,153.02325497032564,0.8113019392875443,0.379783403526792,6.702269723726602,true
407,0.37432542445038175,1.000571618315123,0.7442151236785445,0.4118046862939784,2.016738136447254,false
408,0.24993561424511956,0.5572844967984972,1.344924755178129,0.4378372218089552,1.2587939452152632,false
409,0.25408121125054134,0.5696765808962625,0.4722686409207544,0.3142407543567785,1.4043744585955398,false
410,0.09071743391447308,0.1668550111774998,1.477463086753989,0.2748479399777149,0.5470710909683584,false
411,0.27154783315760816,0.6234371298839049,0.41847200863505324,0.31918247711768305,1.4978021090386229,false
412,0.8204390641510053,7.641556561814404,0.7991435323898027,0.4593219049321964,4.32396668720381,false
413,0.19127142260054222,0.3955438714960607,1.2431693995933577,0.40422926689786837,0.9928924723044664,false
414,0.5812191587356389,2.3211354166456233,1.4012499561374212,0.43326443109487817,2.4866804250414707,false
415,0.37014329378377236,0.9828234027824937,0.7466212654355833,0.41272183650483474,1.9916318518088776,false
416,0.1581248295952879,0.31412299620468265,0.8806750232313738,0.30532087733289476,0.8758811927340049,false
417,0.4798394745358481,1.5427869039259552,0.8044583691861538,0.46846165679467383,2.5041152171675933,false
418,0.6574396056723721,3.209712069106939,1.5826667673003108,0.474017983209593,2.586979318717522,false
419,0.9779702663668178,74.24441107093914,1.2805716819345658,0.3770355138137874,5.959428963121242,true
420,0.26132867213182237,0.591674948403193,0.50368849404001,0.3218412217855698,1.4395845458692333,false
421,0.1971006677194188,0.410557850112564,1.282763152473129,0.405042277195103,1.0123564301863,false
422,0.5701436579209403,2.2182389192943766,0.8759565092395475,0.4891046811876112,2.862873599594479,false
423,0.2872613632997699,0.674053358517925,0.36425877059050776,0.32204578929057665,1.5834987764178587,false
424,0.46878866778572303,1.4759006883941106,0.8020108840677892,0.4639973034988642,2.4605611329061094,false
425,0.5475943601442729,2.0243160472996733,1.186719451587502,0.4962319460665856,2.3626118010094244,false
426,0.3907408152540544,1.0725907690109309,0.7216664453336122,0.4227951040141265,2.0904908345786595,false
427,0.34753288693333245,0.8908090968302697,1.065733474401264,0.48197364679562715,1.6495058292264366,false
428,0.896130258367762,14.428774700912903,1.2683262288682997,0.37235115162061583,4.792183467534103,false
429,0.3650119305011957,0.9613662150646725,1.2237911909957528,0.48795368486730706,1.6844751111608156,false
430,0.913332210877417,17.624565461160653,1.5249440138919668,0.4156844816358486,4.7595424001101865,true
431,0.285824743461037,0.6693332267820806,0.36178901573291095,0.3210069485540821,1.5761649736059886,false
432,0.24385201508707643,0.5393453159236098,0.5215759575711305,0.31225754299611064,1.3495618902233613,false
433,0.2836808448065439,0.6623244819461198,1.234116855796143,0.472587795694081,1.3155802967753087,false
434,0.6999196563344171,3.9008387979637544,2.3217236500088267,0.40151424604057595,2.8479303103214253,false
435,0.87627296190566,11.844647939820664,0.8531460641581036,0.44372181483535034,4.670297682771033,false
436,0.4783051110968717,1.5333305954614356,0.8281315603483006,0.4654673652334831,2.495018871684567,false
437,0.15286327433444508,0.30178455525921,1.4780660697451224,0.3733963834370495,0.8336927341294003,false
438,0.7493187277651857,4.999102697854184,0.7569705650187676,0.4775123119582334,3.9156924191618208,false
439,0.08403936841640691,0.15344520922781849,1.4347149241286437,0.262576789409458,0.5176617196283076,false
440,0.6767535358916587,3.501419227606701,3.554760142655329,0.5088060335817871,2.5242378780645294,false
441,0.3757770686220657,1.006787737173185,0.7329756385327743,0.4169674959414754,2.016673613951426,false
442,0.09639057850915225,0.1784026076655097,1.2943226538828894,0.27826314981347616,0.5755109815296757,false
443,0.21388119531399097,0.45502135476214345,1.138448639753678,0.39963698621118593,1.1268921998641426,false
444,0.5837201766843952,2.3451288282113087,3.552995390325302,0.4931709370647513,2.367616636226901,false
445,0.26558815053183704,0.6048064038553317,0.9840889924802696,0.38464675395703213,1.4504518055716122,false
446,0.5413392254400992,1.9739005079260348,0.7515288487642283,0.46909678524508147,2.8497712875040087,false
447,0.16138173178498302,0.321838069532852,0.832511164257382,0.30329245611523253,0.8933984255556995,false
448,0.40627337941145963,1.1444035774361014,0.730094834742302,0.42513784021845324,2.171002011176202,false
449,0.2637817923582162,0.5992190651271163,1.0221207693485546,0.4219431401488443,1.3455615973971797,false
450,0.19268457889082824,0.3991637293738783,1.3305871482057658,0.40101298805582536,0.9923775721213257,false
451,0.19345690329173088,0.40114743073451176,0.8108728969725122,0.3289909677733106,1.040279574279601,false
452,0.42652686202266255,1.2438862563480313,0.6576038611945677,0.4207765149396496,2.3003949615788284,false
453,0.8669932166289571,10.901575594262889,0.8514994443135271,0.44789331748541633,4.571786842610003,false
454,0.1714584374353666,0.3460922897569272,0.8253997209844631,0.31203963510429716,0.939990266260128,false
455,0.3163330415931258,0.7738331455879423,1.1625280444846904,0.4692130631867861,1.516957988366519,false
456,0.5630757453989392,2.1553014849658645,0.8417957566977096,0.4900971797002046,2.857399783042224,false
457,0.6183636300321864,2.709826861206075,0.9065248689670415,0.4862979237467991,3.081093805151939,false
458,0.788093729746765,6.219871698841772,0.8951599922801932,0.4701577382923884,3.9408236083749366,false
459,0.28619721230372147,0.6705551791352221,0.36247914403187864,0.3213053448647364,1.5780267396823047,false
460,0.44282789237474407,1.3292080487972613,0.873833704191652,0.47075039061808566,2.2816802269088208,false
461,0.3233560262011909,0.7992232372646598,1.1177818501880705,0.4688121556167358,1.5624811179972227,false
462,0.2535730397599724,0.5681501442131875,0.5437422325982155,0.3209779434559003,1.3974098289993395,false
463,0.9264465726581421,21.06516312233448,1.1635455134051873,0.4121165906592618,4.8473122033480855,true
464,0.15251516165981102,0.3009736282781737,0.9109888692419814,0.3025326951793982,0.8487897923350134,false
465,0.4564465064369109,1.4044133778200822,0.8014831087869028,0.47016926275548476,2.382149803066141,false
466,0.28878697167523176,0.6790867466448947,0.3713271748001998,0.32334431322701707,1.5913259698934386,false
467,0.2458689793443393,0.545260822740294,0.526314459286948,0.3140888719532239,1.3595876090896395,false
468,0.16673506214446046,0.3346502775151253,0.8434765293647254,0.3098244505965773,0.9172652158139774,false
469,0.28878697167523176,0.6790867466448947,0.3713271748001998,0.32334431322701707,1.5913259698934386,false
470,0.2825935825242591,0.6587860580283237,1.4767170040597548,0.4788635568674427,1.2706519828278215,false
471,0.2763679225268075,0.6387298099398697,0.40112678707171495,0.3201113450711549,1.5239587745972984,false
472,0.5395181645414662,1.9594804260042393,0.7087850717824783,0.46201141733146084,2.883292670271697,false
473,0.13737514717124358,0.2663382648668608,1.101596927557906,0.3001070934898814,0.7723650948724143,false
474,0.291047088044181,0.6865832901912571,1.3105025443730027,0.4706937498016451,1.3246738663983304,false
475,0.3315891593657814,0.8296677339307942,0.9263756078696305,0.44206944108085505,1.649261831714687,false
476,0.6466139886599488,3.0601527372478436,0.7420855278929915,0.48446053598325156,3.380698754543025,false
477,0.8580114732411002,10.106184066092597,0.916109471492067,0.4553991559445276,4.388891368487402,false
478,0.040174704959645965,0.07000158388844357,2.3802642676911363,0.20535017797825314,0.3092839659646581,false
479,0.372985284975816,0.9948585275917274,0.7339761204723814,0.41275323915173734,2.00803766886654,false
480,0.5341992868667741,1.9180084516142737,1.2001241737878454,0.4789561533599795,2.559801419783712,false
