Codon Sites,P(uncapped omega mixture with omega > 1),P(uncapped omega mixture),Empirical Bayes factor,mean(alpha),mean(Gamma omega mean),mean(Gamma shape),mean(omega SD),posterior mean fraction branches omega > 1,positive posterior > 0.9
1,0.389594540382587,0.463111848051006,1.2888877698211645,0.6170605481007594,2.975432457133199,3.264034447599374,3.853291937591712,0.20070594334459932,false
2,0.31727558539985456,0.4183482634635788,0.9384515808772393,0.7672696220297607,2.596029619570694,3.1912082581310925,3.477460173521358,0.14779370851242926,false
3,0.15384577515382425,0.41084409469373406,0.36716112933336076,0.8413555153646448,1.2590130381205948,2.7231750756251873,2.2271281560527565,0.04299125216212733,false
4,0.24700561690990838,0.3311921737121319,0.6624235175534823,1.3794525873506338,2.5659488237140766,3.3814373123065,3.1727562104181657,0.08849833329317615,false
5,0.8016155076259204,0.8044924816724641,8.15979108351689,0.6587533171240496,5.219398419218293,4.413652658747389,4.4237414736092795,0.6552755439829373,false
6,0.09641028250648864,0.417634733019202,0.21546301127322826,1.9369779220899173,0.8187293147930317,2.616436492775523,1.7606700387242173,0.01684334988761661,false
7,0.24422671547602923,0.4520425773675788,0.6525627545730225,0.3285395997525064,1.7639879675277734,2.8243511800767362,2.78982110050455,0.10323921679399113,false
8,0.22309500553830255,0.44049655457110876,0.5798859471683796,0.5047848678179868,1.662609703865852,2.814139684598281,2.662604179149209,0.08949698322681636,false
9,0.3534704535431289,0.43508356702637585,1.1040414786502941,0.7107053424179035,2.859026101778392,3.3209198024367583,3.592697035421368,0.1794418365715314,false
10,0.16496304748935312,0.4078512168963575,0.39893452805120433,0.8118849366675762,1.3666314973407045,2.7666637416491766,2.3182454313188905,0.04906824197696303,false
11,0.23317506623679504,0.4487263736617667,0.6140539550034231,0.35295434757761573,1.6885293421159238,2.8013306193818743,2.7184572359752783,0.09564740332473229,false
12,0.5363809937100533,0.5501616499294706,2.3363225385387913,1.3274634636821125,3.7823597344964415,4.525210721096503,2.9689860976021487,0.39278467015873053,false
13,0.23521658193861544,0.36049148659200153,0.6210836856635038,1.1675208062260989,2.1957816424769843,3.0791071046757303,3.135245973173404,0.08024777064123363,false
14,0.1604557245462225,0.40480249897348847,0.3859510805434965,0.9293991959146226,1.3573307990322625,2.7734335610727623,2.3002428627544758,0.04681415895460013,false
15,0.21957194023853205,0.44498240165971664,0.568152096587293,0.4014307160611927,1.5974867254533724,2.7765580841148565,2.6255701783647614,0.08685493563423348,false
16,0.22070928524075237,0.32526833817937156,0.571928518387482,1.6230348502829444,2.3922478446795976,3.342352020201296,3.0770053567059015,0.074815393027361,false
17,0.348021465012268,0.4310248399622442,1.0779370093212475,0.7383798178355988,2.8381358774886003,3.32110514600937,3.5665872094060105,0.17544795920412867,false
18,0.17841795433003965,0.3469298161537921,0.43853904408423483,1.6441914671907976,1.78540393395506,2.9124617546623113,2.933877161361098,0.043134560929851504,false
19,0.08121953440209001,0.4298377078886132,0.17851281250305423,2.1737413798075087,0.6464189892160779,2.5686572916762644,1.5546522913424747,0.01208283239369592,false
20,0.4150698874335705,0.47554764697491225,1.4329726368060824,0.6365002576710808,3.2270358322159884,3.4817817586640962,3.7743872093794444,0.2362155191570091,false
21,0.3915844911384726,0.41928062525803067,1.2997081941916113,1.0162445002625744,3.470349245343656,4.076323247718509,3.181040994765358,0.23534948149539958,false
22,0.23349380102726833,0.44755028789867124,0.6151490157781097,0.3762010722326783,1.7003616476514463,2.80953804642628,2.722556826153177,0.09598569095496663,false
23,0.12814506539229437,0.4173442517071917,0.2968098483131126,1.0720077518477775,1.034701316405072,2.6550828258597057,1.9942743691758777,0.031075698717067106,false
24,0.6901585533446878,0.6994045655492737,4.498109389947875,1.4236213399304136,4.553788882892423,4.842088544655054,3.236090028716243,0.573817174032343,false
25,0.23565037909955813,0.44883613579055354,0.6225822549855693,0.3573935276116976,1.710018139386946,2.81014121134519,2.7352353643888234,0.09739486049531274,false
26,0.3809340581709554,0.453529583066942,1.2426062723180797,0.7053067381227817,2.9834901658009567,3.3125835599829143,3.776271624479149,0.196812222563264,false
27,0.3626274451193939,0.3984168365476403,1.148915162997071,1.1421692430777826,3.279924150834148,3.895549235517558,3.2303962026777424,0.1983543047406876,false
28,0.12022196022595653,0.40563288286917837,0.27595059668250765,1.337971599798889,1.0515559991782704,2.677348767589645,2.014171883966298,0.025688218444445125,false
29,0.4034390717978238,0.4709199496468587,1.365663807651953,0.5828588767178826,3.0970772433153906,3.3697229006038274,3.8116218778434074,0.2196703447448464,false
30,0.10333141371706167,0.4012870341573809,0.2327132256783309,3.5007455395674434,0.8958310996095119,2.6813127381092414,2.0675732257231876,0.016164802858933774,false
31,0.15362377371800023,0.40926737503625654,0.3665351450204918,0.880474971416138,1.2700040017426604,2.7317122778180636,2.23236069068801,0.04296738021664995,false
32,0.14042463911546157,0.40789919086120685,0.32989824719281163,1.1886080807620925,1.1918758358015735,2.7223144245223643,2.138283496177476,0.036943078803245016,false
33,0.7428561634642417,0.7478164493048656,5.8337694483472875,0.7728254503002682,4.855364537672552,4.204381240202007,4.523593103394217,0.5739121391123957,false
34,0.48854278344620256,0.5063986009475433,1.9289187805977108,1.1025582386917314,3.655722450747892,4.0504395574168734,3.5063972443239564,0.30968836782570036,false
35,0.35502727154628294,0.4389506732231482,1.111580739444318,0.7048680177837898,2.8128805640340433,3.243209058694677,3.6686203970754336,0.17501162858172584,false
36,0.17142471982036106,0.3605295202203551,0.41779392989686154,1.8881614526868655,1.5921270205835463,2.7693764701503483,2.8748093691475742,0.03711623867918504,false
37,0.4715842681036027,0.4913364645932023,1.8022051224606863,1.3033579271711515,3.585248229417639,4.19728571327933,3.156228391546045,0.30874714718972024,false
38,0.40973371604227665,0.43652510964771113,1.4017622994279333,1.1039261475465747,3.4952891575545504,4.162036046008751,3.1064258195239196,0.25718199688647186,false
39,0.2186575071286858,0.3490500660006777,0.5651238009356623,2.103590502163969,1.9885692686657783,2.8966483246702888,3.226936097706486,0.053709831319828205,false
40,0.2304354636306115,0.44747598372178105,0.6046790484221503,0.3705039095238842,1.673487916378632,2.798537756114197,2.7013009877155927,0.0938519791844474,false
41,0.5487636186446919,0.5615982904689227,2.455850091600756,1.718560343051411,3.508614206097539,3.916801800436303,3.6920343530552064,0.34036878557297956,false
42,0.11556954595087751,0.40939658290025843,0.26387628941114416,1.337234983113937,0.993444962687386,2.654474669758297,1.9567192790226065,0.02377813335474938,false
43,0.16941836233996962,0.3595541719095646,0.4119066502219289,2.1356906904699926,1.5795868581890806,2.7906061935729958,2.8685318702530034,0.03664729592976506,false
44,0.243873927659294,0.4519320195720964,0.651316093270041,0.3281123229391639,1.761591640116328,2.8238800667308084,2.78695994583297,0.10301874989951196,false
45,0.11746236562220941,0.4082778981322474,0.26877332170443785,1.2954470552809851,1.0123575908226932,2.659081786909345,1.9791380620820445,0.024416283127196615,false
46,0.20612644295342014,0.44289034809542144,0.5243279661939201,0.4534404837905239,1.500148751152043,2.748005635324551,2.5272207170220193,0.07853243300458113,false
47,0.4790817070116688,0.49758052505221023,1.8572083580661434,1.1393449288065602,3.640823972947076,4.154951199970366,3.3095569224518537,0.31122343894639526,false
48,0.050660852207498226,0.45678015515073644,0.10776351554378026,4.147722251236519,0.35873384256364477,2.5570666274742324,0.978915491151398,0.006349426362866449,false
49,0.5036834761994695,0.5083265626953277,2.0493664361890884,3.219472332915257,3.719126685002736,5.185168592821951,2.507671441426465,0.38401087059295974,false
50,0.2514753266255758,0.4516127554327626,0.6784376019043077,0.3673768529361912,1.836000545288423,2.858861878302765,2.836221940997648,0.10882953257023996,false
51,0.14823871900158314,0.4118074115187047,0.35145069709573595,0.8828423475162408,1.2112398612636626,2.707224311095162,2.1817176401938196,0.04017227902343239,false
52,0.41172174362480424,0.48022225203532903,1.4133237488071688,0.5712014219089702,3.0590280292995433,3.246697369211592,4.011011364226994,0.21502121163608767,false
53,0.2923566009561238,0.35591254458357746,0.8342939494807387,1.1522678549061183,2.8789937258073954,3.5957525825055,3.210072875668883,0.13316751284317854,false
54,0.4202796179362202,0.48409610483592974,1.463997748839894,0.584038820563814,3.1528035937973553,3.3246049571893366,3.9840566543153204,0.22757388299054498,false
55,0.24133972918738786,0.4518630986618604,0.6423949663219477,0.31995196733623665,1.7387621893506064,2.813992967949204,2.7703414063645333,0.10115917803077557,false
56,0.35497476179948767,0.43861099553310257,1.1113258554792547,0.6798827847455294,2.826582800165771,3.2720593524200123,3.635890371039976,0.1775464900103811,false
57,0.15046892275343784,0.36783002532572606,0.3576746747831516,2.23703401676286,1.3827819457907948,2.722172427085685,2.7247993687380974,0.02890803339664043,false
58,0.677705820312178,0.6855632530456094,4.246287573011805,0.9118045443388324,4.56189521499048,4.469265528663534,3.692505039529467,0.5333317498403994,false
59,0.34990661518098426,0.4354541163092349,1.086918688880913,0.7684257497874182,2.7798469430548947,3.2149275792003045,3.679268283960701,0.16856435122914373,false
60,0.9380482089864863,0.9386283160377042,30.576793638546977,0.7549262180174272,5.821750599206082,3.5022397162544245,6.4743551618897,0.7312724997623841,true
61,0.23261265945023318,0.44758158669513615,0.6121239415054799,0.37444532062022584,1.6921386360043045,2.805754885505432,2.7168560703852247,0.09533860984608232,false
62,0.3416153810482042,0.43333362991162344,1.0477999895963706,0.7040118798225947,2.7051039983417913,3.1859785880452396,3.6273171245044367,0.16287687057907999,false
63,0.21292845134227922,0.44369780325228375,0.546311234630334,0.4287963119627959,1.550700173769001,2.7631587753292663,2.5781835297254903,0.08269756291750749,false
64,0.49827473752489376,0.5287310778895098,2.005504081188236,0.6720181285629132,3.75088622994572,3.6120886307927225,4.280179972346732,0.3033953321592678,false
65,0.11575548319532752,0.4093067848319907,0.2643564107146579,1.3336939564355217,0.9952209776564174,2.654929864200739,1.9587402244428378,0.023846732391272885,false
66,0.4692301013418364,0.5018037984309854,1.7852548825405778,0.7277732397334713,3.687820517005997,3.7529558237110567,3.901517264835374,0.29183749400624287,false
67,0.9165964917620403,0.917236144620414,22.192923780699573,0.6467421052793206,5.806968912974543,4.991854830194496,4.018195068698944,0.8194674075734414,true
68,0.38973739851383304,0.4356867307410609,1.2896622145875107,0.834247122716486,3.3757748531941165,3.763673185985371,3.512130660533024,0.22899624792655043,false
69,0.4706942741798184,0.520373007224073,1.7957793497387617,0.5648778408917811,3.475080876996446,3.490135472575755,4.087521840772374,0.2806991232983227,false
70,0.11296571803359394,0.41080508430563245,0.2571739126721799,1.3914981832273385,0.9679339448240488,2.648066171522669,1.9272769623451993,0.022860106062609565,false
71,0.4667341543728868,0.5001374062856561,1.7674472596700903,0.7262996808907783,3.6588571671519623,3.7111096781366055,3.93881211585573,0.28627693338550547,false
72,0.5456694485600969,0.5628478485097683,2.425371928899937,0.774064283121838,4.144097058797782,4.061282295691737,3.9062035350355537,0.3797938540869954,false
73,0.25757862211728666,0.3264908306506758,0.7006159123101019,2.091706776951232,2.7193672248111502,3.635875568925723,3.028991113776208,0.1045588993447261,false
74,0.23261265945023318,0.44758158669513615,0.6121239415054799,0.37444532062022584,1.6921386360043045,2.805754885505432,2.7168560703852247,0.09533860984608232,false
75,0.9960967876201814,0.9961015798369732,515.3473021467779,1.4280186364888625,7.457035361038388,2.827290562229088,7.866378905591594,0.8252613845177454,true
76,0.17231200083098414,0.40369753556694427,0.42040659176133904,0.8709223898272355,1.4595540567646297,2.8127053771303236,2.3863685984269893,0.053571908684851316,false
77,0.2248013675085204,0.4456804977523405,0.5856074603388606,0.3961602952290809,1.637404437019307,2.789180258266625,2.664084685317269,0.09018403435288597,false
78,0.47897802964249736,0.5098340684678913,1.8564369592418737,0.7277959803220284,3.746911539985202,3.7934199024271846,3.9017229808342955,0.30349259547991536,false
79,0.11169659391648075,0.4122833804575389,0.25392136991131936,1.4072220426173492,0.9498086030010008,2.640601492979833,1.909120292400727,0.022389676454951803,false
80,0.29244580299708495,0.35973714951629004,0.8346537164352569,1.1811980597802634,2.805703104095575,3.4854691356422722,3.280939517697628,0.1263060499967883,false
81,0.24300902747613354,0.3623706166551887,0.6482646751196047,1.0369539741409068,2.247486813734317,3.0969415298203065,3.169237051543148,0.0850876567992647,false
82,0.5756596112462179,0.5884304857951764,2.7395046380082584,0.8340495736065502,4.282399382421086,4.235230027919396,3.7625459571227116,0.4187736356834556,false
83,0.3294081984740153,0.37474366979749996,0.9919660626534987,1.2862454395303928,3.1303936443622407,3.8387183690012288,3.149446017793138,0.17062792326356527,false
84,0.5195056011622813,0.5313217211279873,2.183345949654148,2.3030191122636534,3.5307263154483857,4.347016073070539,2.8875090341133802,0.36093923946972284,false
85,0.2344998081146181,0.3111318778902314,0.6186112840416994,1.2437566366751456,2.7344099830972652,3.6445618270353317,3.036185200723006,0.09410432338247955,false
86,0.4984747611162296,0.5212579259731567,2.00710933277612,0.8966734258270392,3.882849623940294,3.950695281805756,3.821875805203154,0.3263249816670977,false
87,0.4834169449810406,0.4995032299099442,1.8897413365934106,1.0367355742940116,3.746874432434638,4.31764270625806,3.1673030792969032,0.32930293089011553,false
88,0.5382718295755674,0.5477226157585544,2.354159746574287,1.9891493306592012,3.6539706641990173,4.681875624079378,2.7433944940046335,0.3972342778925605,false
89,0.1366545466769866,0.41416231549334814,0.31963926953069716,0.9994490348139154,1.1137762791154073,2.6783109584351736,2.080958837155795,0.03474315219628607,false
90,0.3253558163331774,0.3676209212338993,0.9738777513984113,1.3264658849949649,3.0637533910638983,3.789726849989643,3.1474090566828328,0.15645232437330756,false
91,0.27375478505077405,0.4078301283589069,0.7612005353171576,1.0545298512074073,2.2205520174206,2.9814189928415176,3.3158805614182225,0.1106429088626755,false
92,0.11873799718059799,0.40848171208799405,0.27208545361904624,1.2284584331766952,1.0178558624417962,2.65737520260076,1.9874798325632226,0.02484400353380065,false
93,0.3373465014337983,0.3868444529149477,1.0280408337892935,1.0050127195869114,3.058047395748329,3.6158162796441276,3.383191489318462,0.16419027320774723,false
94,0.2397021276151745,0.4491859298026524,0.6366617572471466,0.36437112824966417,1.7443288901146297,2.8237674392298238,2.7627265132042367,0.10025597825210776,false
95,0.5618688515761572,0.5846534696544202,2.5897120445137025,1.7604382145156128,2.9526119989213386,2.5965677790042463,4.661372297182266,0.23694254436943968,false
96,0.2397021276151745,0.4491859298026524,0.6366617572471466,0.36437112824966417,1.7443288901146297,2.8237674392298238,2.7627265132042367,0.10025597825210776,false
97,0.196812198221328,0.3451442064184415,0.4948294715180107,1.3948744241429067,1.9682686779557375,2.998767868491047,3.002990849200907,0.05455745955346056,false
98,0.920624601595424,0.9212074680231428,23.421640355246645,0.6511537004844806,5.854323235292451,5.1267543059492695,3.8740608188523673,0.8322664259670915,true
99,0.22320485114471136,0.44488477796640813,0.580253507743624,0.40873049893437313,1.6295473358574015,2.7886883516031014,2.6534353075373374,0.08921624182033021,false
100,0.7880327470211508,0.7912811340632799,7.507513874663328,0.7831130727601383,5.023128241626183,4.797192823430185,3.6423385923286893,0.6681657351202195,false
101,0.7697390554773966,0.7738356139131056,6.750623558899887,0.8561499382461625,4.892430084858388,4.611285002351826,3.7878200606708003,0.6356776499723062,false
102,0.14750366460600067,0.41181400801809026,0.3494064673008683,0.8920477501240338,1.2059730631656933,2.705889637035896,2.176165966893126,0.039813999618506984,false
103,0.15335813112527,0.4092944868930389,0.3657865358163281,0.8839909751024659,1.26797784112136,2.731112938178081,2.2304069688649344,0.042843358608771975,false
104,0.3181971528099184,0.3403206127076645,0.9424495875422735,7.610399289546844,3.056740290461842,3.4706316364253613,3.0962372745648525,0.14207867213844846,false
105,0.1523119058107001,0.41085709564040623,0.3628427239699099,0.859927781688442,1.2478872673323205,2.7202232230994356,2.2156904620321196,0.04223043877574975,false
106,0.4646721508905167,0.49876066497458904,1.7528609161226811,0.7472213624045108,3.6298126092491367,3.6689864595088792,3.994964640891747,0.2801088987259644,false
107,0.42249566210772393,0.4823259425665454,1.4773644808862352,0.6358870532768948,3.229477631859114,3.422547048760336,3.896165284705209,0.23649919263396407,false
108,0.6345701904294354,0.6428376016261943,3.506681685234236,1.3554297186752096,3.9865425765198474,4.492227538167615,3.1961357221487985,0.48214141885191214,false
109,0.1507859253641569,0.4089758792586635,0.3585620086032987,0.924773873195741,1.2520112697513037,2.727828004594242,2.2135271312155456,0.04156134252721652,false
110,0.3459150457875774,0.4319207616622548,1.0679623515811296,0.7427144720838721,2.787018109155911,3.2602430842699848,3.604418537036965,0.1699038225071776,false
111,0.2355578785335106,0.3614347454740066,0.6222625654824058,1.1677033274363025,2.1871721403846083,3.0671461426035145,3.1416693667386353,0.07989403005874691,false
112,0.34599278852143395,0.4111245355748741,1.0683293496357935,1.9474136063642529,2.4059427989744986,2.670545955643984,3.748913782216171,0.1087426762880898,false
113,0.2573995762360228,0.32858721033852384,0.6999601003640165,1.264006809734717,2.742550479462671,3.558160559653007,3.1230661621120746,0.10314370383786345,false
114,0.3373012475350913,0.42594731797501373,1.0278327328684027,0.7144809497005955,2.769947746004703,3.305702444471516,3.507763954361832,0.16816018980145084,false
115,0.23645199786932322,0.3209638983513175,0.6253559590813556,1.3534947200346086,2.605186182885859,3.4841359747205765,3.0979770212328437,0.08797058464515,false
116,0.15670624311501044,0.4093981584001648,0.37525636181186317,0.8446991697861047,1.291666650324679,2.7376124463482188,2.2539431378513735,0.04455055044991332,false
117,0.2300283536593599,0.33873174247166093,0.6032916135352858,1.739995996351081,2.2949466568354824,3.177495711877575,3.1598643195165517,0.07280696890940982,false
118,0.09857743280306011,0.41619339234614317,0.22083592633297874,1.6259626404799332,0.8368124325246231,2.612444889411487,1.7924395576655474,0.017180392566249793,false
119,0.259823747005111,0.3603880608546007,0.7088663224347268,0.9667507554478505,2.4764424253318476,3.29312434457333,3.161573897857398,0.1042224232842453,false
120,0.23624469800175718,0.4488757937835774,0.6246381167069428,0.358434643999409,1.7151131304689204,2.81219078160745,2.7393178783147123,0.09781307641411008,false
121,0.36666122472216073,0.4033828383811155,1.1690943366944797,1.160146634474285,3.2526224394955148,3.8029248085447414,3.3679065422645587,0.19341846018466125,false
122,0.3256207295519723,0.367157513510645,0.975053583429512,1.1722623060018968,3.236368535843004,3.987686205901067,3.078749676682454,0.17772988465918327,false
123,0.2592739591395588,0.36439839324086554,0.7068413317037205,1.0301748524703973,2.4027146235669505,3.1973310900114718,3.2083937785664456,0.0983123487161428,false
124,0.1757002203307215,0.4058150243467672,0.4304351925917075,0.7900284618682076,1.4681189284146352,2.8103416341072815,2.397352227906645,0.055394343169340936,false
125,0.22066380375968003,0.4438139954175052,0.5717772908433466,0.43026578015219086,1.615470126024312,2.7858832210500126,2.63776612328318,0.08758011153227034,false
126,0.34520319713064446,0.4316362272120861,1.064605998739882,0.6980594060953785,2.7933977530750815,3.288014432413145,3.5659379255843198,0.17217319781161475,false
127,0.21407823511332727,0.4414111727428876,0.5500647940442536,0.48426638880100437,1.5773194057087536,2.778476423773228,2.5943372111049574,0.08349439368552582,false
128,0.13963658417182745,0.41212183674159986,0.32774640086030343,1.0054626299899605,1.1498454254491182,2.6933441809644316,2.1141407938468917,0.03617699328595342,false
129,0.5723615374628542,0.5877608810472583,2.702802624747985,0.7717971300182064,4.23036569757952,4.043201283209417,4.056580413145369,0.40171777172208256,false
130,0.5066625671029891,0.5278118251252814,2.073936235059609,0.8525012899838657,3.9566421708557833,4.01797483394955,3.775775798658337,0.3401908460187196,false
131,0.27321325812313607,0.34916798749381567,0.7591287229238047,1.2389984208532847,2.7070834791758744,3.44910711056094,3.228570622392171,0.11265556738314465,false
132,0.15869183449970367,0.40797748121332256,0.3809080284923931,0.8688567629816744,1.3180357775304243,2.749606050449899,2.2759216977427394,0.04561823073212637,false
133,0.6052125045644356,0.6167290501581291,3.0957448148582807,0.8190940644241675,4.346267384798867,4.069819937309654,4.182345196605486,0.43000583113425495,false
134,0.2064207904080536,0.34397343840380185,0.5252714605717524,1.266235179466728,2.055817359146119,3.029821313994614,3.0503314015780014,0.05945481916344259,false
135,0.3939155400278894,0.46485609757016155,1.3124737170396548,0.6240961618526545,3.0193457985200722,3.2977718713418627,3.848988968111848,0.2061309874296884,false
136,0.22815008914113485,0.35509108315901833,0.5969094223012776,1.122235633292994,2.206150479998547,3.135787221122483,3.082184716364858,0.07975533212691398,false
137,0.49419264928043904,0.5164972191591976,1.9730213952304672,0.862146471607761,3.9167786570761627,4.028994912467632,3.7037913428295983,0.3305581852874304,false
138,0.22802048262558447,0.4474233275345488,0.5964701752559,0.36384955722968226,1.6525969721696423,2.7908188677218804,2.6829978252734343,0.09225626561147843,false
139,0.40882771141791047,0.445190358934984,1.3965191888261947,1.2357234116978961,3.5109777337951424,3.914469020632182,3.43177726694403,0.2474272428810511,false
140,0.11860226576475,0.4073528685056394,0.27173257604887213,1.2940162477309636,1.0270904967550296,2.6655008029569984,1.9926015658242024,0.02492884630105267,false
141,0.1353168365062229,0.41475115529725376,0.31602066543857543,1.0054280704663394,1.1008878635846786,2.6744611843808372,2.0671794936539576,0.03419759875169455,false
142,0.35544936857624865,0.44302150355061914,1.1136311203857412,0.6949351500083739,2.7471266890248582,3.150135011559291,3.753626897153803,0.1685928188572959,false
143,0.16116873806854956,0.4094302800139727,0.38799564216309523,0.8043139227717412,1.324912144535588,2.7480951578587356,2.2851013708914074,0.04692106329747469,false
144,0.4172466008059177,0.45950434990962297,1.4458679857965546,0.7835776652547649,3.4295657871031793,3.6577841053961366,3.7447972971808934,0.24223197147411357,false
145,0.3970066713096006,0.4661394572815778,1.3295538970676768,0.6291373826858695,3.0530986720266835,3.326722094749554,3.8385964531046612,0.2105686068250725,false
146,0.09366849054293512,0.42370204741010487,0.20870223149119527,1.9333248814018111,0.7751439028082944,2.607839248852069,1.6680041722259564,0.01695420853555595,false
147,0.437045047923065,0.4948559040960853,1.567737005728321,0.6038221994718342,3.2704877305763764,3.3826569719411275,4.037986217476721,0.24419177227773234,false
148,0.6787706463933322,0.6860472387515363,4.267057340911244,0.7372591493930778,4.714242822256316,4.409167943687357,3.9280993298998435,0.5323302010496175,false
149,0.22756145174125786,0.44348019553074003,0.5949156676906162,0.4447849556949278,1.6787141568103314,2.8120078617174005,2.6882831748528133,0.09225392197470626,false
150,0.34197937597740263,0.37586858600743767,1.0494966573322684,1.45512281237506,3.219251857529004,4.095634206450749,2.9377242141292417,0.188988265905937,false
151,0.12179806080653248,0.42073170376309793,0.2800700261361232,1.1443998804557634,0.9709803950514433,2.634783885303799,1.9240142104244666,0.02845854388299086,false
152,0.14998646036335958,0.406448310158962,0.3563254664973713,1.0198292656722077,1.2675722922809847,2.742319743258614,2.218232479284456,0.04138652425290258,false
153,0.22315767147433851,0.3490540985666488,0.5800956244542003,1.268533285898045,2.2469908194019785,3.224991820778736,3.019012031039584,0.08096579857166653,false
154,0.2690187950051553,0.34313753992923623,0.7431852171602586,1.3407724428019245,2.654342458683716,3.39683231333321,3.2380351553572297,0.10060070718322152,false
155,0.1581660949037438,0.4071860825377072,0.3794090002343849,0.8884308908226783,1.3205307602714715,2.753649856800007,2.27423864298555,0.04543713192858554,false
156,0.33378624855325156,0.3896965232597729,1.0117553221095918,1.0545674285551625,2.925569562589503,3.414654778618117,3.5619413056026814,0.14634885903533126,false
157,0.20894377613144582,0.3442101916804105,0.5333873815451352,1.2477311710926307,2.074544491402505,3.0355111854682177,3.0620093817688323,0.06072254933921023,false
158,0.23090898898153692,0.44836231289517664,0.6062946754245472,0.3534288217493666,1.671077793584982,2.7953543591072685,2.702686598791801,0.09412322773713765,false
159,0.13226013064618408,0.41284306343523675,0.30779392595760413,1.1825656408128093,1.0976493206518632,2.683974021299119,2.050475714255817,0.03302217863637067,false
160,0.3981833636430349,0.4665914582313079,1.3361018700300415,0.6319675689397584,3.064839179098375,3.336299104084369,3.8361698028435725,0.21204176363826835,false
161,0.2968603801084577,0.3684958182213593,0.8525724980215561,1.2101790249178748,2.7127789857148144,3.3250762161571847,3.4248746412484463,0.11815611011347305,false
162,0.4821100420575072,0.5061293037671936,1.8798765809249476,0.865314147624562,3.846613640034658,3.9457919305148437,3.770797354261961,0.3128037873771181,false
163,0.12311351673508296,0.4052693732427507,0.2835195502483055,1.2114282735651558,1.0702811142670416,2.677366996038368,2.038529707023045,0.026652889179076326,false
164,0.247715253789526,0.34516872511890995,0.6649532980203664,1.1236853153516906,2.462461534018367,3.299318647142633,3.1319561391689357,0.09113739229649578,false
165,0.3683635034101883,0.444399226628588,1.177687400131188,0.7428378883127043,2.9289790314230735,3.311133865089428,3.7050654336432634,0.18777682830445058,false
166,0.1980080593959453,0.3156594027062783,0.4985784617417268,1.7968469575714436,2.281413857328012,3.3569854586009495,3.00081876088456,0.06218948543533957,false
167,0.42131494172835743,0.44160078162171484,1.4702298716873352,1.9441391594970048,3.4230582032612684,4.476976567154772,2.741663159337625,0.2801680796971897,false
168,0.2304354636306115,0.44747598372178105,0.6046790484221503,0.3705039095238842,1.673487916378632,2.798537756114197,2.7013009877155927,0.0938519791844474,false
169,0.3679755886019525,0.4008956533060727,1.1757251428934181,1.3138312791142277,3.2399159191871427,4.004348753568212,3.0664674272146493,0.2057495441244731,false
170,0.3842600488562215,0.4566921866579363,1.2602263343822933,0.6477975965449729,2.998161165418484,3.328731386987608,3.7603769147543797,0.20160281449776565,false
171,0.3378520125217103,0.3884104626119395,1.0303673697898104,0.9947234036937073,3.029322554453635,3.557692468591296,3.445653500081925,0.1599789368289034,false
172,0.36450274208338346,0.44091748945593207,1.1582645612685896,0.7426876979613771,2.9298552940616394,3.341159613655721,3.6495136108434365,0.1875927821866155,false
173,0.24163842663785998,0.45183835735881667,0.643443369925329,0.32054525545991774,1.7417150917976476,2.8156204224610857,2.7717232029586207,0.10140774523655802,false
174,0.18692299922843786,0.35599485276725185,0.46424978808178063,2.6710291861014563,1.711582237642679,2.805234221950614,3.0170159425156178,0.04222030390839874,false
175,0.7252102635045641,0.7307847021395518,5.329470763226409,0.9489763443801836,4.7278030627218826,4.888041865859031,3.308128154488696,0.609739147316199,false
176,0.22066380375968003,0.4438139954175052,0.5717772908433466,0.43026578015219086,1.615470126024312,2.7858832210500126,2.63776612328318,0.08758011153227034,false
177,0.22056235816907094,0.4430966740029891,0.5714400442264553,0.4452886456210675,1.6201800537137208,2.7899777049845,2.6382995945814813,0.08759577251230827,false
178,0.1589984910290378,0.407995895747833,0.3817832560568721,0.865318505532916,1.3201774213461035,2.750209397775152,2.277998978263268,0.04577880081153052,false
179,0.23317506623679504,0.4487263736617667,0.6140539550034231,0.35295434757761573,1.6885293421159238,2.8013306193818743,2.7184572359752783,0.09564740332473229,false
180,0.21407823511332727,0.4414111727428876,0.5500647940442536,0.48426638880100437,1.5773194057087536,2.778476423773228,2.5943372111049574,0.08349439368552582,false
181,0.2367801457733964,0.36183496423467093,0.6264930737972983,1.1396978480883617,2.1906584157352977,3.062803332667514,3.151986178019082,0.0801334882435541,false
182,0.23855527548943703,0.3316158589928094,0.6326613342381495,2.1843079901230738,2.381129362087906,3.2426716210155893,3.180007883584376,0.0739334851419821,false
183,0.9372153953382062,0.9374944518364137,30.144417763929763,1.1854482211977169,6.3120281592528205,5.472267117432784,3.892890438370399,0.8721053454468978,true
184,0.8450173081338348,0.8474371650029793,11.010398928367218,0.6437864936178112,5.180426821080648,3.418168010785903,6.219331511470434,0.6091982048893771,false
185,0.25717096117358873,0.363546015733907,0.6991231852229361,0.9922252364941659,2.390625156782819,3.1946698292318483,3.196885958736498,0.09729351873004978,false
186,0.670814763992727,0.6804834420909328,4.115123879486393,1.1084379414224543,4.441713095577204,4.412746746587569,3.674230449080653,0.5219392467003362,false
187,0.4088753857653732,0.4408095084385412,1.3967946829218365,1.1353661075843182,3.6550965534378537,4.192658414276265,3.2078695231462895,0.26729667946719715,false
188,0.3576554344025153,0.3893502854502319,1.1243911638239759,1.0571495929910006,3.4166188386053413,4.152080660188371,3.04766778915819,0.21318682366581307,false
189,0.18070028119739032,0.40482567798945235,0.4453861137550384,0.7939530161795484,1.5173538064331367,2.8330656800008134,2.433265509085204,0.058520437300248605,false
190,0.132909304445384,0.41280808695821103,0.30953624448606404,1.164234073875557,1.1019427872660372,2.6844141053492447,2.056264672776743,0.03328562180390484,false
191,0.4088542149138557,0.4746808884860135,1.396672338172602,0.5824205604105879,3.126255903099318,3.37585348004682,3.837523602656586,0.22408857492786147,false
192,0.27015731028962503,0.33939700340627244,0.7474946889523746,1.1444997842589035,2.8454691850884797,3.6498522852684054,3.1196674139678495,0.1225242085602948,false
193,0.3586682273721135,0.4406062571822851,1.1293558353233284,0.6837884310447043,2.848281192379516,3.275827789006506,3.656543743843366,0.18009688828637319,false
194,0.24942739751036322,0.32487263724460175,0.6710766031853576,1.806998763707021,2.640229521688405,3.524411749627028,3.0826951375216027,0.09311167336274007,false
195,0.41664464668054363,0.4589503262283424,1.4422922448973876,0.8154469993341833,3.424079960818613,3.654497714543918,3.7485521222426246,0.24084891427755034,false
196,0.20637477968102505,0.3495613254096869,0.5251239327250867,1.338242262151373,1.9870631710932574,2.958580595511297,3.061033995831549,0.0568074424605483,false
197,0.23935993126546112,0.3212042731850222,0.635466853156363,1.8380902822563052,2.5821101449682735,3.4962493319758905,3.076810207606816,0.0861603912583626,false
198,0.36931118034673754,0.398593695755363,1.1824913516184365,1.520016073616555,3.2872200243953196,4.196641841777286,2.9090597749711318,0.21725108997494616,false
199,0.3669815406427025,0.44797722839348103,1.1707077540419046,0.6839368850573682,2.848840917618661,3.214499343490687,3.77554825726745,0.18067669675384604,false
200,0.1850340666288068,0.35116103335140403,0.45849318905187675,1.615618138847392,1.778813373911125,2.8580844216537136,2.9799037092342004,0.04370919341150699,false
201,0.21821065474408816,0.3223291494361316,0.5636465525003362,1.6246979267563404,2.3535328623349043,3.2821581544523646,3.116143961593443,0.06826234741116856,false
202,0.22177085096981067,0.4448435231586752,0.5754632833726704,0.40600716235458384,1.6174865720854543,2.7845647814076644,2.642187137212689,0.08831016451642054,false
203,0.5495711704883182,0.5805251075721048,2.4638735346716176,0.7505956762904611,3.436740365003776,2.7117267834151257,5.510073807142733,0.2599467319227831,false
204,0.1475527088304891,0.4108748749083563,0.34954275242865424,0.9175646850676972,1.2136631101546582,2.7109888704670535,2.1809524478937816,0.0398683147717314,false
205,0.3839165443953008,0.4164067036878094,1.2583977451754031,1.0806374162833008,3.3236197946828954,3.8161648280102423,3.424398576327162,0.20710838376603355,false
206,0.15438924628220294,0.4089696351810445,0.3686949588915595,0.8806014532451674,1.278139755660016,2.735129109222263,2.239333200194437,0.043385223708413294,false
207,0.24268628025672595,0.35997515831123694,0.6471277898638832,1.0438093821060863,2.277694637573223,3.1346198814817527,3.154097172158457,0.08665718170574517,false
208,0.11762866155413856,0.4013616762764735,0.26920456032504514,1.5432768241035115,1.059631123526097,2.6870597457248255,2.0362437352366998,0.02392965630763168,false
209,0.35978639976691257,0.44302940585592326,1.1348553170624507,0.708519882123483,2.812565911104739,3.20811893898702,3.735015023968501,0.17518122598825317,false
210,0.2520674036780653,0.3596202454708807,0.680573252974324,0.9967610901036703,2.3903839572206276,3.2230930250571834,3.160565127494981,0.09607629814558118,false
211,0.13894072200934224,0.412851125776108,0.3258495687782949,1.0017603516448141,1.1394022374619952,2.688157693368577,2.1055511184988323,0.03581485085586797,false
212,0.2719058884030364,0.40725478840867313,0.7541395959494496,1.0650246264595262,2.207731670483508,2.978759302386053,3.300777210560303,0.10956017604339435,false
213,0.1580251269159196,0.40789065411714903,0.37900737998049894,0.8756325368853111,1.3135264554888344,2.7487169613097677,2.270568099279673,0.04527974948016154,false
214,0.2941517324944333,0.3541955362663478,0.8415515174854481,1.2952975202516075,2.8401285206771125,3.574689713288423,3.199704514859423,0.12634374870023787,false
215,0.956604938363885,0.956892834164887,44.515674571472616,0.8763589574164898,6.234476399896129,3.36323111064444,6.750035915459865,0.7595826803461113,true
216,0.2325386077154438,0.44487012537328213,0.6118700286325853,0.4272588832367246,1.7126256845662797,2.822187032886327,2.7205590580159673,0.09558239155623037,false
217,0.15058054613430052,0.4092722164113529,0.357987048401567,0.9176783634164203,1.247995195185734,2.725652420955119,2.210376569085591,0.041439913710629446,false
218,0.7986548341361592,0.800956689718691,8.01011161330154,2.0836691868933115,4.700031412046428,4.124869353401103,4.310775919954825,0.6225833175057456,false
219,0.23659546035557102,0.35735255241373864,0.6258529722772678,1.0674280435112917,2.2521858029819333,3.1390214968170307,3.1228816324437,0.08384035748287741,false
220,0.2177632526312382,0.44336426072788127,0.5621691775901809,0.4391130228803094,1.593983203499379,2.779158316334911,2.617040509976243,0.08573594381440452,false
221,0.15068705929629456,0.41080527656059546,0.35828519783119456,0.8788294881875474,1.236506669583662,2.717116512253432,2.204294211066356,0.04140930775954013,false
222,0.2177632526312382,0.44336426072788127,0.5621691775901809,0.4391130228803094,1.593983203499379,2.779158316334911,2.617040509976243,0.08573594381440452,false
223,0.38964932769211735,0.43614287697387777,1.2891847331255208,0.8849224455162122,3.3555122023145603,3.735882719816164,3.536035849704294,0.22607470097504465,false
224,0.133347321246168,0.4140604104066503,0.3107133131797985,1.0848138333139983,1.0937017515847767,2.6765065603389044,2.0542820455600728,0.033356234781141955,false
225,0.2594739584754096,0.4561840946899886,0.7075776256924633,0.327403612053422,1.8769903353755986,2.865794989751888,2.8823681228477356,0.11451983994534515,false
226,0.11523679726737462,0.4093667695957553,0.26301757993543334,1.332630853662209,0.991791107960929,2.6550315714807504,1.9539630721148011,0.023686144828763,false
227,0.18220240492149545,0.34628951142144243,0.4499133975603976,1.6137837707166176,1.8191331566130886,2.922567121640823,2.955000158709826,0.044759675481062536,false
228,0.3490631439564506,0.4352551649211088,1.082893592239656,0.7750248975446647,2.764950904254323,3.201114120578661,3.6823260320928335,0.16682095256306065,false
229,0.8735775502917191,0.8756555490992297,13.953974120043423,0.9257986675941974,5.163317956067992,3.502162169323055,5.624377983764579,0.6580398847194907,false
230,0.22756145174125786,0.44348019553074003,0.5949156676906162,0.4447849556949278,1.6787141568103314,2.8120078617174005,2.6882831748528133,0.09225392197470626,false
231,0.4615450419678364,0.4953420590488833,1.7309533343555106,0.7461561330854517,3.650365821598389,3.7373495029271657,3.881034412846538,0.28412899282444354,false
232,0.23491446989332937,0.448739852047606,0.6200410316013568,0.3562003158621749,1.7041306887016785,2.808137569226676,2.7298679798615453,0.0969033942099814,false
233,0.3993644419000618,0.44351587903970435,1.3427000490745753,0.7880760351953919,3.4138046545525644,3.7633189452744635,3.550161655276359,0.2371126499799744,false
234,0.17407012855099746,0.44025514616804023,0.42560010495732964,0.7722949244452953,1.2753250268549676,2.6986572981722863,2.2588908628809063,0.06110625382509052,false
235,0.5527755564466688,0.5530121483898258,2.4959963616078262,6.575380273489355,3.6676512172281233,5.613769352434031,2.2742927652417384,0.44381221158475576,false
236,0.48306194732789537,0.4991113098511529,1.8870568114677788,1.0232020444625334,3.746814636992411,4.284224420995572,3.2086555591969654,0.3263611201150328,false
237,0.21339056056269046,0.2941056019537058,0.5478185076196777,5.905947104331706,2.6287093558107673,3.7107678938523887,2.904630541112195,0.0725516060900125,false
238,0.9670333558338043,0.9671301538742977,59.236223610265576,2.218632544088683,5.7975157544674705,2.198339298471508,8.29016459291432,0.6710262726080908,true
239,0.6040526425566999,0.616724427806852,3.080760871048704,2.499370525276232,3.578435029898623,3.235560059181122,5.399647943701674,0.3165351653822085,false
240,0.23856006467956659,0.4512907209221727,0.632678014723994,0.31969881975334,1.717715150405458,2.8066618608040454,2.751793058544536,0.09922093666858452,false
241,0.22309500553830255,0.44049655457110876,0.5798859471683796,0.5047848678179868,1.662609703865852,2.814139684598281,2.662604179149209,0.08949698322681636,false
242,0.30142473327526165,0.35354010551867643,0.871337348808118,1.8707332749362822,2.9688910145992784,3.8637270700362407,2.9810805447552227,0.1485855664223305,false
243,0.3114347711185033,0.3689746400899518,0.9133614154057732,1.1575464810919596,2.9542296083838524,3.633333269793226,3.2372403852393177,0.14818083104645416,false
244,0.5957394136570554,0.6074171923960198,2.9758811464697628,1.355884520254596,3.819883514981101,4.2802896212448776,3.223750364298024,0.4320835477817095,false
245,0.4334296260417196,0.47297709424445894,1.5448466718793403,0.7872885888145765,3.4843410791120095,3.635262833754054,3.865970279322713,0.25221053793926806,false
246,0.8456611658384721,0.848477222783647,11.064755509326792,0.8255990411895533,5.18828062725595,3.8459369253424636,5.100090147304245,0.6611872121895872,false
247,0.4662373737853421,0.4870908405156416,1.763922793582349,1.0232576608801829,3.6550611511621076,4.146644845351049,3.299849620528185,0.3045259590359909,false
248,0.39435810738676125,0.46518106967789236,1.3149084479697277,0.574363626716034,3.043009744470734,3.3561660368069868,3.7646523823263434,0.21245349096718008,false
249,0.44757662011938837,0.4693195340428371,1.6361231573309034,1.1832578414932509,3.5645866073008703,4.147578948311168,3.2268024286666006,0.28401257505849653,false
250,0.23565037909955813,0.44883613579055354,0.6225822549855693,0.3573935276116976,1.710018139386946,2.81014121134519,2.7352353643888234,0.09739486049531274,false
251,0.39944467237336645,0.4457204148724167,1.3431492037666892,0.8739834400961621,3.3339911917063674,3.625230981838594,3.6901686921096317,0.2247862352810909,false
252,0.3737741887379954,0.44957336959643124,1.2053106484155205,0.6482644957673472,2.950592378802858,3.3334402239211904,3.687723831094315,0.19499933464249117,false
253,0.21407823511332727,0.4414111727428876,0.5500647940442536,0.48426638880100437,1.5773194057087536,2.778476423773228,2.5943372111049574,0.08349439368552582,false
254,0.45311116950530056,0.4805304853457841,1.6731172016706883,7.741083373084234,2.615853143769815,2.2887771089171567,3.959120860619837,0.14808729794970676,false
255,0.4157213729963432,0.44807170464716356,1.4368221114749755,0.9022112897374029,3.4118219074604377,3.8236633992089457,3.506867747275885,0.24028940398771095,false
256,0.13720689770579841,0.412574717922449,0.3211366926928941,1.0499197620657086,1.130341899463087,2.6879138693886757,2.0933405177531847,0.03506353787369285,false
257,0.16021258719042084,0.4048902440996456,0.3852546795635007,0.929142421628692,1.3547712519960506,2.772315314746722,2.298170393559208,0.04667906669164825,false
258,0.092138870145725,0.4207654414155407,0.20494820083318427,2.034694910006123,0.7633144120599312,2.5939297062787507,1.7237142676493815,0.014969304165492803,false
259,0.42349674870720017,0.4648452838633115,1.483436530146538,0.7811496242636465,3.4465296309259568,3.641521433212352,3.797945222703407,0.24557544157254466,false
260,0.25727354736033886,0.4548849768345396,0.6994986695136715,0.3378379765045077,1.865882993996826,2.8641011382304633,2.8695058874590327,0.1129489754531429,false
261,0.3993385446024262,0.43559901708086346,1.3425550937092632,0.9707370906361421,3.3253836107877657,3.7541126394150623,3.531698968183336,0.2211854008032085,false
262,0.23856006467956659,0.4512907209221727,0.632678014723994,0.31969881975334,1.717715150405458,2.8066618608040454,2.751793058544536,0.09922093666858452,false
263,0.43948499201486707,0.4968667407155884,1.5833519211343374,0.5802269191572788,3.288894339049621,3.4049663631541605,4.009558766952396,0.24872065234555804,false
264,0.39479318311106415,0.46394143164676904,1.317305435543737,0.6296769304136103,3.0555457262204113,3.347681439470787,3.8014096594232485,0.21068467503261623,false
265,0.3773528170051285,0.45176317071197264,1.2238444387755485,0.6440806171811709,2.97277200036552,3.343438425230225,3.697160272913235,0.19827460667361607,false
266,0.17407012855099746,0.44025514616804023,0.42560010495732964,0.7722949244452953,1.2753250268549676,2.6986572981722863,2.2588908628809063,0.06110625382509052,false
267,0.4294718716752678,0.4554107260740098,1.520121542992461,1.2942261094290322,3.4488878068646316,4.0375580454072395,3.2311818620664123,0.2611104876339456,false
268,0.13800468460958965,0.41295263199457555,0.32330287987989753,1.0014318027380336,1.1324118317221277,2.687183100615988,2.096875213186363,0.0354434488333541,false
269,0.39403614316686913,0.4567944925292378,1.3131368481323007,1.4375425718886945,2.6209628720148235,2.740325331393078,4.19247862007788,0.13787545824169245,false
270,0.18081327372045303,0.40484030977262164,0.4457260869243138,0.7939212145609487,1.518227158684746,2.833309697006562,2.4342228165653848,0.05858471299550583,false
271,0.34952421514329096,0.43961063956110713,1.0850925588619456,0.7042008560161285,2.7144294388383696,3.1428472093181115,3.7210598349856756,0.1644333661665843,false
272,0.21292845134227922,0.44369780325228375,0.546311234630334,0.4287963119627959,1.550700173769001,2.7631587753292663,2.5781835297254903,0.08269756291750749,false
273,0.32443039563887305,0.36664644600332924,0.969777457612056,1.1671797388190053,3.195414213842234,3.914139954815978,3.1179264498918684,0.1712069422024126,false
274,0.35521825210318225,0.44061172029472995,1.1125081151582843,0.7027306909145865,2.785236084748578,3.2025365212970516,3.7065420167890353,0.1721714121211218,false
275,0.28222928173535866,0.3542265502240577,0.7940301316624945,1.1998021710370652,2.744957475546987,3.4484453152976053,3.2646163696072814,0.11785261373725012,false
276,0.5050188349988748,0.5197655139548726,2.060343121524231,1.0214963946566231,3.7891043713276025,4.294922029671635,3.2397783323535525,0.3469574603956762,false
277,0.2177632526312382,0.44336426072788127,0.5621691775901809,0.4391130228803094,1.593983203499379,2.779158316334911,2.617040509976243,0.08573594381440452,false
278,0.2454208271375383,0.3590444196691712,0.6567910881246269,1.1047028829215726,2.320254675316355,3.1713263485577605,3.1518100139449867,0.08953931530418302,false
279,0.47390007362884556,0.49361036631559163,1.8190271661193265,1.363477793536896,3.596121904445296,4.286721662411879,3.0723137142664942,0.31814374857668243,false
280,0.21598117937519457,0.4412078619378303,0.5563012938540213,0.4885987357142413,1.5950761818613146,2.7855193642940037,2.6093879823481045,0.08471709839615757,false
281,0.21976274420468972,0.4432331102969777,0.5687848703864766,0.4433934284152462,1.6121507584038421,2.7862400336600004,2.63254298224578,0.08703338658185833,false
282,0.11895525589798725,0.40836293663637246,0.27265051399138346,1.2242665638109367,1.0200243642636673,2.6579720140077097,1.9897933780385453,0.024922877664933896,false
283,0.2343910288759528,0.33668331744061347,0.6182364712991706,1.6147482196810554,2.308289934433037,3.1363162920381127,3.2313316256360065,0.06890401063255382,false
284,0.15608077139613152,0.40901600391308585,0.37348156532673277,0.8606495613538814,1.2901445277948467,2.7383078877049867,2.2515775822531543,0.044236269761502474,false
285,0.6177257355884889,0.6301343315812515,3.263181903139816,0.6964321566004719,4.430551352110185,3.9792129277214547,4.439058435652285,0.43819785252057575,false
286,0.22193305988663192,0.4451316099339703,0.5760042505530593,0.40171719651859816,1.616621782809302,2.783049135471352,2.6433929488469854,0.08835773704511204,false
287,0.23024304780784552,0.34506324946136896,0.6040231104603605,1.8877881807647063,2.164976951701342,3.023949410615188,3.228970069504791,0.063633786203828,false
288,0.2613893091920096,0.3660755700101951,0.714649149915063,0.9505800420544049,2.4067426504672267,3.194356943972838,3.216647610065113,0.09984091011635673,false
289,0.2782081969382755,0.3512153838020297,0.7783566240685242,1.2514294805351178,2.756433777092246,3.5022916735007428,3.210202049079499,0.11928870781533012,false
290,0.23875234651188765,0.3575125090057567,0.633347895144699,1.0212841672495334,2.273342541933869,3.15313313538681,3.1277690052433447,0.08579538141860073,false
291,0.11163773646624903,0.41015177020408927,0.25377075406565025,1.5736758210545323,0.9693101418033438,2.6588436878742563,1.9164886155593377,0.022733295570683428,false
292,0.11898829940349344,0.4072965219694272,0.2727364800713078,1.2727175986868575,1.02935174271494,2.665120187802987,1.9959752775057116,0.0250389304667261,false
293,0.24163842663785998,0.45183835735881667,0.643443369925329,0.32054525545991774,1.7417150917976476,2.8156204224610857,2.7717232029586207,0.10140774523655802,false
294,0.34584610863703014,0.38132375216214154,1.0676369947798399,1.1305714881867395,3.3470991721604944,4.1158310030909915,3.0292960851378243,0.20179323880194258,false
295,0.16350091960655785,0.40835375473121727,0.39470750275644234,0.8142672297433695,1.3510782876614915,2.759335414374857,2.306706086861456,0.04818446225037471,false
296,0.22241871917099826,0.44498378635473035,0.5776252750793097,0.40698326464545426,1.6219068573185058,2.7852115042902232,2.6478705741344517,0.08866313512872609,false
297,0.763303131564827,0.7675787965855345,6.512161792275311,0.6524395570444079,5.0996982044289165,4.413198082402887,4.293379903051893,0.6178093656127284,false
298,0.18351969571330196,0.3490259134233687,0.4538973189830647,1.5955141078612887,1.7924558627055478,2.8800179820223826,2.970917097800941,0.043818095739685974,false
299,0.23549070051886223,0.3618853525557662,0.6220304412754374,1.1740515076348856,2.1768779043549724,3.0549082143453874,3.1453131957374114,0.07906997045895438,false
300,0.41897266852267,0.4611432909669786,1.456162292476733,0.8294653391784441,3.4238619170602753,3.6375905382587894,3.7845830312281477,0.24088338959998482,false
301,0.20450663632711177,0.34544854047019213,0.5191483697523794,1.3377954190964347,2.0242635622728917,3.0119029474824934,3.039459417764534,0.05810380368205017,false
302,0.22796861459191592,0.4428046787943766,0.5962944315822684,0.46089413431822795,1.6877270727400169,2.8176338133137335,2.6925556297754487,0.09260043906406765,false
303,0.15440891979564225,0.40782647991148885,0.3687505201003618,0.9196185543404711,1.2875799249415865,2.7411803786462148,2.2458706059480495,0.043411204649784,false
304,0.1769508227550242,0.4057813783778343,0.43415764322798445,0.7859834901486045,1.4785518081470506,2.814498536821387,2.405720124855162,0.05614228890897138,false
305,0.21407823511332727,0.4414111727428876,0.5500647940442536,0.48426638880100437,1.5773194057087536,2.778476423773228,2.5943372111049574,0.08349439368552582,false
306,0.34620452297704174,0.4268757691001406,1.0693293214009465,0.7800820054865308,2.8811937366084206,3.3905551019302673,3.505777988280706,0.17856281274008753,false
307,0.3492220795637621,0.43449017977117627,1.0836512449546838,0.7215345282715783,2.797685695048071,3.2579454455922807,3.6216906555737673,0.17218787864502466,false
308,0.13103546979477584,0.41740579647531006,0.3045141446736504,0.9942735216524066,1.0519675037076954,2.6562560878683654,2.0182083909787347,0.03224863319188346,false
309,0.2957547002875567,0.35833447940736274,0.8480634536757737,1.09057487832167,2.8780889385198236,3.5560807469478988,3.2564985634921833,0.13275935786095783,false
310,0.37802896607197134,0.45089324501096384,1.2273701839148619,0.7051537054035785,2.9846976575533173,3.3360746084993482,3.7317386618427855,0.19682392936197687,false
311,0.26678610362228367,0.3411342285283724,0.7347729617878702,1.1891741882009752,2.758466582246175,3.546698560829638,3.1597262891802056,0.11445979026828147,false
312,0.8427024544331828,0.8427455475526927,10.81864730351345,3.9056074399171745,4.404203652048603,6.416661560590285,2.3504121991291003,0.7819216240000034,false
313,0.21031071533397686,0.3404511197419675,0.5378062009430118,1.2604181065725024,2.139566336931763,3.1055518965061135,3.048491142607941,0.06415261422735216,false
314,0.24576135189455645,0.4524300294830272,0.6579993351792397,0.3269007048409841,1.775354029324643,2.8286773808858143,2.798859075448087,0.10437080139784795,false
315,0.5649002659315735,0.5806810563540782,2.6218244622706597,0.7504134181341913,4.2189992939757195,4.0386719659741965,4.037469168821733,0.395305167465251,false
316,0.4504125527153014,0.4864575584411997,1.6549860241670515,0.8359021787821191,3.571316745302036,3.689712675533979,3.8929881492478624,0.2691011706328382,false
317,0.7676023069706095,0.771952592518974,6.66998886072749,0.8332783043152687,4.892168929542092,4.354098450722931,4.37759620333986,0.608290462865761,false
318,0.153195509075846,0.4093383605083308,0.3653284812832541,0.8866540928353056,1.266598819864488,2.7304981105237864,2.2297137622917043,0.042751083716700514,false
319,0.41170212202897005,0.43799101997505036,1.4132092568716326,1.0498315738302186,3.4956625944195605,4.074687441257416,3.226283881144438,0.2513930079031107,false
320,0.22964017123412783,0.35953431964901866,0.6019700496621164,1.1613151315115648,2.149906289135253,3.05636796462129,3.1144834813578055,0.07647453865208134,false
321,0.33984197108081693,0.42772674522796766,1.0395604639673848,0.6998544357651948,2.7805605020497435,3.3073973612358007,3.5176012167630772,0.1701183835621589,false
322,0.30062552821280736,0.3826143050811533,0.8680339888892918,0.941285451133293,2.677325777835739,3.3463560814402107,3.3198444842527803,0.13135416102290984,false
323,0.4009002403339757,0.46945859354003183,1.3513188070562945,0.6297823159739887,3.0586079680949214,3.3042050348671754,3.894153956328104,0.21127361596322786,false
324,0.2325386077154438,0.44487012537328213,0.6118700286325853,0.4272588832367246,1.7126256845662797,2.822187032886327,2.7205590580159673,0.09558239155623037,false
325,0.21407823511332727,0.4414111727428876,0.5500647940442536,0.48426638880100437,1.5773194057087536,2.778476423773228,2.5943372111049574,0.08349439368552582,false
326,0.25333446909556034,0.36574602931969624,0.6851550001792555,1.0270309493338465,2.3115444691985974,3.1160799954249474,3.2159900605782403,0.09097640678259693,false
327,0.5441175466672961,0.5668974044282518,2.4102411914980184,0.6846307017055571,4.051553393265659,3.8854041080042507,4.098306291004521,0.3679727195957537,false
328,0.4837267117336218,0.5140719180864735,1.892086837693687,0.6939056884815116,3.7702035283081887,3.800205582026852,3.9008894190829237,0.30907766623365285,false
329,0.5587352684533259,0.5752647596272737,2.5569811012008135,0.7726842599770544,4.16797939698876,3.985047655547005,4.095922738721103,0.38395759816335645,false
330,0.71425628652869,0.71953691025835,5.047752318857018,0.7683933588890751,4.83906189712037,4.780397104701458,3.5047969971829476,0.5937137960326005,false
331,0.3258654072257577,0.3648422997753485,0.9761404198097918,1.316070840770254,3.1535076131276822,3.981258626904059,3.0027917237563484,0.17099965294917246,false
332,0.2157686223356881,0.33399160230384095,0.5556031813134422,1.7668978250146488,2.172859973732603,3.090772944981641,3.1670901585276625,0.06015959677561814,false
333,0.25727354736033886,0.4548849768345396,0.6994986695136715,0.3378379765045077,1.865882993996826,2.8641011382304633,2.8695058874590327,0.1129489754531429,false
334,0.849671923011335,0.8515601201500931,11.413840922173838,0.7461844912547934,5.33483912638155,4.7084587632593795,4.043238692500324,0.7267670288724121,false
335,0.25535953570344994,0.36453246983255577,0.6925100772344966,1.024854185956715,2.3529534845764823,3.1561730943401827,3.2073793900376106,0.09410017574454756,false
336,0.23911601517097206,0.45157432762042937,0.6346157867168932,0.3165033089112025,1.7206589852090461,2.8071584535807226,2.75524223501578,0.09959495528016485,false
337,0.873571291946758,0.873993514937538,13.953183422760768,1.4872974113470907,5.273933435118896,5.851123307803101,3.0186321834485836,0.805756502783352,false
338,0.14122890250357958,0.4122139426143481,0.33209842394354505,0.9793884667190093,1.1596215106837084,2.6943285458375676,2.1263590160382857,0.03686229904669521,false
339,0.24169703612835186,0.45162278955046986,0.6436491813710988,0.32473722642753167,1.7438789086314133,2.817094814810557,2.772543419740329,0.10146502305210749,false
340,0.5676282197245277,0.5806112911846621,2.6511071880726513,0.8411662479559384,4.282794767258416,4.3424652078376536,3.5913490053807733,0.4203869325162539,false
341,0.5451682141214503,0.5578967634782349,2.420473703083246,1.1664347950023422,3.8170044251989914,4.368823284983461,3.1825312971924324,0.3883152953018428,false
342,0.23327227280197915,0.36013870398609243,0.6143878261223965,1.0940172848849443,2.177938199630079,3.06902115254128,3.130361082728048,0.07895251225151666,false
343,0.37129101353342037,0.4256200982649458,1.1925742281572094,0.8646944438387033,3.183008696094833,3.5587441545934086,3.614204951522278,0.1998841446668897,false
344,0.5872085447105152,0.6116196329768347,2.872647368854226,1.512364685822964,3.7112894734008304,3.2042044361697264,4.920262304552825,0.33668438496109865,false
345,0.13101458622938564,0.41738285649177687,0.3044582962704937,0.9940673201364859,1.0519333702497151,2.6563027579574183,2.0181149384448647,0.03223515768048901,false
346,0.24163842663785998,0.45183835735881667,0.643443369925329,0.32054525545991774,1.7417150917976476,2.8156204224610857,2.7717232029586207,0.10140774523655802,false
347,0.5548938369632208,0.561740839374641,2.5174853010276363,2.6825171742948446,3.8450776252683676,4.953631428894777,2.7065180700739306,0.43133525913964443,false
348,0.24973799358439627,0.3312770930385171,0.6721904127678403,1.4017881251364812,2.606807681866194,3.4379682588924885,3.1465599421557613,0.09303715252165658,false
349,0.38584501316150627,0.45992146429013037,1.2686901232342838,0.6171074607485095,2.9718571981848685,3.2872188006725054,3.8011071161410346,0.20017006915118504,false
350,0.382115580267402,0.40938017046741126,1.2488438841037885,1.3827047154229053,3.302654322069922,4.122008819257855,2.9866627617298187,0.22154224069258888,false
351,0.15915535603192252,0.40994630278369987,0.3822312108361937,0.8069378783457377,1.30564219012114,2.7405855219220636,2.2683580507986534,0.04583933526790034,false
352,0.22056235816907094,0.4430966740029891,0.5714400442264553,0.4452886456210675,1.6201800537137208,2.7899777049845,2.6382995945814813,0.08759577251230827,false
353,0.12071341305119003,0.40538645222887937,0.27723351474693125,1.3277964159901416,1.0563882775546443,2.6786855483627816,2.0193528851894413,0.025874543134095217,false
354,0.14000036675301816,0.3948128072142655,0.3287392479082471,1.1949244585436531,1.2672233092638654,2.7584256111194025,2.2134778150892167,0.034414895827564976,false
355,0.5619725860026421,0.5727136263051015,2.5908035807013756,1.1221060403556185,3.9227921726722057,4.64921333711841,2.962613139272493,0.4250129823095758,false
356,0.32593521293752,0.39909364355508375,0.9764506352114521,0.8529872204729406,2.8002140516915883,3.3867389046971357,3.413833034990124,0.1511290889287651,false
357,0.21976274420468972,0.4432331102969777,0.5687848703864766,0.4433934284152462,1.6121507584038421,2.7862400336600004,2.63254298224578,0.08703338658185833,false
358,0.3907177768919728,0.4223198855238717,1.2949867180198862,1.107622163350275,3.3421696407538164,3.8590680980884384,3.3750691074228283,0.21609201026382246,false
359,0.17816118179455365,0.3592317222264135,0.43777109641092177,1.8413978250451228,1.655152916390459,2.794796265258545,2.914308381234017,0.04038965857594178,false
360,0.2457731233642494,0.31917245719828186,0.6580411221175534,1.2504766334468491,2.745216689127825,3.61009831373124,3.073111727121055,0.0990414966231673,false
361,0.36870518599758356,0.4011173505823571,1.1794177903809469,1.0795478777346432,3.3623790154948865,3.9956712320422643,3.184913250826765,0.21035067885120473,false
362,0.17407012855099746,0.44025514616804023,0.42560010495732964,0.7722949244452953,1.2753250268549676,2.6986572981722863,2.2588908628809063,0.06110625382509052,false
363,0.15122669942404407,0.4095826902098164,0.3597968972122117,0.9056077100948169,1.250081507172103,2.724762062752981,2.214164534049135,0.04171756719491706,false
364,0.17666029392047117,0.36078935559877906,0.43329186821672366,1.9177224540290607,1.625785253640697,2.775368438877741,2.9031657801326776,0.03909206660377759,false
365,0.13397366393355373,0.39708581203583226,0.31239853268956486,1.28054662490087,1.2083760118220803,2.738202919009516,2.160714697606277,0.03169193461180252,false
366,0.05086706544128708,0.4560389315765786,0.10822567170690639,3.3561176348240367,0.3599750649606097,2.5524456359539034,0.9991350574374734,0.0062027162068017125,false
367,0.22309500553830255,0.44049655457110876,0.5798859471683796,0.5047848678179868,1.662609703865852,2.814139684598281,2.662604179149209,0.08949698322681636,false
368,0.21881543153220726,0.4439138465843577,0.565646287101269,0.42638823572263385,1.5988086790058333,2.7794258245350605,2.6235085421197772,0.08637805142552628,false
369,0.25727354736033886,0.4548849768345396,0.6994986695136715,0.3378379765045077,1.865882993996826,2.8641011382304633,2.8695058874590327,0.1129489754531429,false
370,0.3756711507590046,0.42855130911676304,1.2151085916362343,0.8349585194528201,3.214660956904296,3.5841723403910324,3.6142262445943394,0.20512118489910197,false
371,0.2148335897667834,0.3440843676973345,0.5525366919575824,1.2411289422601064,2.127796108148425,3.0627551675002525,3.0813208544677644,0.06422001820343952,false
372,0.23756992454364567,0.33057985951825875,0.6292338679958273,1.4656597643544163,2.556507035359358,3.4709663425279764,3.0758448990260416,0.09307128048947291,false
373,0.2627765484293596,0.33897957514173693,0.7197938170721975,1.3743428139670983,2.6477591086367402,3.4281323340882874,3.193183338281487,0.09956092192401088,false
374,0.2747992933013662,0.4632690280799791,0.7652054292830645,0.30003204844224834,1.973137737823776,2.894888828385232,2.968224999060546,0.12624088070996475,false
375,0.33836907244824005,0.42893074895666233,1.0327507354010481,0.7092815231820778,2.732225881836519,3.246122290851768,3.5588556691459035,0.16486812680265528,false
376,0.1603828186348796,0.40972006434942426,0.3857422190057275,0.8048938561256375,1.31668440511447,2.7445061102470816,2.278572400380646,0.04648136523746174,false
377,0.22047142454281463,0.44504489106119816,0.5711378182811528,0.4030544670382391,1.6046443011737757,2.7786161273209857,2.632973033178716,0.08739292082532023,false
378,0.1334241743136192,0.41368731281279975,0.3109199607022551,1.0775823670716762,1.0970758911944396,2.6792553793354177,2.0559656991101587,0.03344817287846162,false
379,0.09716093528359926,0.421752474987042,0.21732114995003743,1.670361129443523,0.8021297110259901,2.606091227208411,1.7197637882574874,0.01771635002887236,false
380,0.978649201927681,0.9787610252322891,92.56218182042032,1.1529997599483777,6.7662044935859225,2.514229367546031,8.353609139809857,0.7397434038563266,true
381,0.3151131199215963,0.3683738417146645,0.9291124695503924,1.0300183989022733,3.028953681376309,3.6895958171389918,3.2396698597342537,0.15442831262960777,false
382,0.36544302567101156,0.3932928557431457,1.1629731981810556,1.3515759976471928,3.32653825316247,4.220202594890724,2.9015916142948592,0.21529314585976742,false
383,0.6852069126197711,0.6942364186354533,4.3955902209255635,1.4342665066901361,4.291567623068626,4.566415413953208,3.333520742239942,0.546316307562451,false
384,0.45860127495003067,0.49226077785256184,1.7105614445291808,0.7077633627266923,3.6719244124673835,3.809628509694325,3.765976874824353,0.2889602481883071,false
385,0.26923356688073613,0.33000133813878013,0.7439971371964168,1.5019558936790494,2.8775953346137473,3.7481524318868793,3.0444212621281896,0.11806231551568215,false
386,0.3642497678612244,0.4435878440159535,1.1570001256805988,0.6580343887361569,2.8949361183016973,3.3147752504441645,3.6476280422287815,0.18708424865782416,false
387,0.42311026940773283,0.4447540749060814,1.4810898585421248,1.6823526872880186,3.4010773410038913,4.3445736231049334,2.855643271270883,0.2723498084136232,false
388,0.7773770376062323,0.7807213898875538,7.051514455525413,0.6626363669222483,5.13990319105858,4.537333842763565,4.110912536050674,0.6411163194613099,false
389,0.3767462773800846,0.4075508150553899,1.2206881776989251,1.0781928635954763,3.3988174083835196,4.047659890007542,3.146857286202049,0.22099361624967717,false
390,0.20469381492444247,0.32638113617229,0.5197458257393448,1.841912114353724,2.189211088544482,3.197514149684144,3.078382813873489,0.059607821940027145,false
391,0.41109027008762433,0.4376843167345138,1.4096429313573415,3.0573203487911242,3.2942698155269485,4.086559739804428,2.957556416711014,0.25046858392909205,false
392,0.0698444076437748,0.439680495216865,0.1516340332678729,2.4324807015285907,0.5308686180715226,2.5528833160917266,1.3592947172004461,0.009552379865052602,false
393,0.15081781900440785,0.4092545901219867,0.35865131995970556,0.9157251729387077,1.2499449942124141,2.7262839956978304,2.2122864281379457,0.04156726094891352,false
394,0.45208508725372976,0.48708094104823463,1.6662022260868354,0.7361655172532655,3.625880748794667,3.7647006946978427,3.797508675972292,0.27922022531397594,false
395,0.2514753266255758,0.4516127554327626,0.6784376019043077,0.3673768529361912,1.836000545288423,2.858861878302765,2.836221940997648,0.10882953257023996,false
396,0.7562734572102854,0.7608590757142708,6.2660907455404296,0.8013353229367373,4.891778302622606,4.437075321275083,4.087607774237544,0.6084412988098651,false
397,0.3982822151708277,0.40453883798154394,1.3366531179944516,4.268408559049003,3.7884549872692737,5.518530029857633,2.372639305454193,0.29708704460215096,false
398,0.3489633839846471,0.4350890955189751,1.0824182212326223,0.7732981334943937,2.770971451970295,3.207483451445748,3.681502786500944,0.16738137318151705,false
399,0.17407012855099746,0.44025514616804023,0.42560010495732964,0.7722949244452953,1.2753250268549676,2.6986572981722863,2.2588908628809063,0.06110625382509052,false
400,0.2413463638684313,0.4481239129664751,0.6424182445443876,0.39024059767201097,1.767883584813757,2.8370447602990763,2.7752874046887905,0.1015711551544476,false
401,0.1525652001292332,0.40957072516970805,0.3635547628699259,0.8829044381832835,1.2600573288313224,2.7281153756267744,2.2233944641542225,0.04243736828800596,false
402,0.3702991630872071,0.4502127390040839,1.187515015853517,0.6688851745450888,2.868019469060954,3.224403609192862,3.7819073816931916,0.1839201032080474,false
403,0.23624469800175718,0.4488757937835774,0.6246381167069428,0.358434643999409,1.7151131304689204,2.81219078160745,2.7393178783147123,0.09781307641411008,false
404,0.15373071760651677,0.4083468155422252,0.36683665701093476,0.9082615305528616,1.278526969621824,2.7372846731704374,2.2379607509807973,0.04307737498488036,false
405,0.950149594852147,0.9504112318527691,38.4896485096266,0.8519106215096154,6.2564229028731715,4.451256115317847,4.998813441238914,0.8321970852042271,true
406,0.9763920996764257,0.9764802639535402,83.51943424587633,0.7047231791072373,6.616212042760651,4.499619207477283,5.048258573868653,0.8717406359483293,true
407,0.35539892809738405,0.4411265512877095,1.1133859591570308,0.719520049740166,2.7714024072800374,3.1797740616310035,3.7299120675737316,0.1701358285949516,false
408,0.2522675698583065,0.35128665066848047,0.6812960272273421,1.4340532147394571,2.4118844758151474,3.182910167724819,3.263262347243326,0.08791950173454414,false
409,0.22066380375968003,0.4438139954175052,0.5717772908433466,0.43026578015219086,1.615470126024312,2.7858832210500126,2.63776612328318,0.08758011153227034,false
410,0.10702895772978727,0.4131883257993091,0.24203856560138315,1.7046625185630264,0.9222288127699592,2.647825407690251,1.856876881293105,0.021236301331741418,false
411,0.23261265945023318,0.44758158669513615,0.6121239415054799,0.37444532062022584,1.6921386360043045,2.805754885505432,2.7168560703852247,0.09533860984608232,false
412,0.750433106657441,0.7546413073361055,6.072194337300164,0.7183474648897336,4.984701911585581,4.581098018823494,3.918734574598428,0.615792153458988,false
413,0.21220199009848245,0.3455857302030244,0.54394529310475,1.2889673090503417,2.0859395751951832,3.0332340207780524,3.07495370258874,0.061947987508030725,false
414,0.5096301937946772,0.5351404480508212,2.098708295307222,1.5372455711244521,2.8510543764128324,2.731790683035552,4.244418263208969,0.20627102763794372,false
415,0.35064582420119556,0.4373584488697923,1.0904548376111876,0.721079687391333,2.7669571485814863,3.204034071054957,3.6783579550592718,0.1691586846187072,false
416,0.15437557827291604,0.40896913278378916,0.3686563597273601,0.8806083163992874,1.2780305835289874,2.735068573049206,2.2392783961732152,0.04337603758853176,false
417,0.42563322445944995,0.4656232393104033,1.4964660240536103,0.7885133448412586,3.4857030041790504,3.7002009190139655,3.7413898654850883,0.2519999784268019,false
418,0.465486400418064,0.48340261912559634,1.7586073652813834,1.7758758666726315,3.4078598738956094,4.2030872507661625,3.0116451424102544,0.2967528297904747,false
419,0.9367637365109082,0.9369398572266893,29.914690897782975,1.2582139088207789,5.780027859016495,4.671044835556528,4.52605402328817,0.820408560299911,true
420,0.22796861459191592,0.4428046787943766,0.5962944315822684,0.46089413431822795,1.6877270727400169,2.8176338133137335,2.6925556297754487,0.09260043906406765,false
421,0.2177489800621752,0.34900360285906573,0.5621220756874881,1.3395646525337628,2.0959517778119823,3.0209779455072137,3.100573098162523,0.06381857444951755,false
422,0.48754023172304783,0.5101218648596916,1.92119449450204,0.8642261877493854,3.914376503410108,4.084969975449687,3.6070284336174443,0.3296048446345474,false
423,0.2425536568936718,0.4518942234430206,0.6466609015664024,0.3220966095293448,1.749744633849274,2.8192369452438935,2.777232091450635,0.10209757617419155,false
424,0.41960507926333274,0.46216790783442996,1.4599493309914942,0.7864358754576297,3.4137887047876303,3.613342486378399,3.8077808405075415,0.24014768033457962,false
425,0.42493882228635443,0.4505576519163495,1.4922205287803794,1.2436746426219183,3.4532968202923833,4.0207579889730525,3.2708710752161565,0.25475733459986294,false
426,0.36216146188346376,0.4407047495738203,1.146600505013891,0.6930918482282665,2.905048874766363,3.3329831114382826,3.630734152467616,0.1863155058302994,false
427,0.29852236270504945,0.357135231447412,0.8593769275608968,1.081814083869988,2.965884832004627,3.6835697732344057,3.1845094862787677,0.1430591871515347,false
428,0.8665260607651171,0.8690138673928138,13.110093845354632,1.281522128762688,4.628853209333114,2.1862717819583706,9.209896628946563,0.46713864914623493,false
429,0.3094039607542349,0.36236250292035915,0.9047371750862545,1.2678844522675583,2.9981397202316966,3.6558577255948803,3.255164411831582,0.14407603681629158,false
430,0.7766311323795598,0.7787311061983553,7.021223588799278,1.7947076969318234,4.760940930317974,5.0954168606636845,3.235912349171889,0.668556203758096,false
431,0.24133972918738786,0.4518630986618604,0.6423949663219477,0.31995196733623665,1.7387621893506064,2.813992967949204,2.7703414063645333,0.10115917803077557,false
432,0.21407823511332727,0.4414111727428876,0.5500647940442536,0.48426638880100437,1.5773194057087536,2.778476423773228,2.5943372111049574,0.08349439368552582,false
433,0.2575324910771389,0.330575640027624,0.7004469125940783,1.2680275652684547,2.703643157085962,3.4979959825803264,3.1528185643318403,0.09989758255143386,false
434,0.5366589438769175,0.5512382110944352,2.3389354552891164,2.6709895236352055,3.080872927739443,3.1278483465963127,4.000141244185148,0.2580656161309925,false
435,0.8094522759593469,0.8122089644837351,8.578436337472809,0.766972707706815,5.110935191169789,4.6983345377705374,3.911020110600243,0.6814484812984,false
436,0.42831800246470786,0.46901313464519806,1.5129774737122166,0.8165452268597317,3.446782269057204,3.615929674091849,3.8564105244700952,0.24590983045011539,false
437,0.1874114119454253,0.35574169843136905,0.465742600426792,1.5983310101469435,1.7789818310050076,2.8637339087747553,2.948236824307721,0.04694680625975869,false
438,0.6723649092659278,0.6792768038345198,4.144148215389215,0.696304387423515,4.781086468429527,4.621169440918072,3.6492194074293325,0.543771475213569,false
439,0.09980301810785652,0.41966251577693525,0.22388591493140175,1.6466683772659563,0.8314598762328136,2.6140691077303133,1.7572201109573178,0.01855662988630185,false
440,0.403215714115271,0.4108962792711852,1.364396887162316,4.012271509186376,3.632827208208784,4.931126740513678,2.5865917093843387,0.2688787872248802,false
441,0.3522856605374665,0.43639347106764714,1.0983281232165953,0.704885147547677,2.8161796859217447,3.267566564328905,3.629063263626645,0.1750680224439499,false
442,0.11205044249671631,0.411225589385725,0.25482728706837937,1.4195555845504098,0.9601313103028751,2.647152253743819,1.9173390584228203,0.022576036080252944,false
443,0.22587424850422122,0.35882665104423844,0.5892177969043326,1.177529290993579,2.12654587283934,3.0526191824486184,3.0954545290428674,0.07469288740506858,false
444,0.37558701911722087,0.40001724111176745,1.214672784148758,4.0219454573589415,3.4691244079904973,4.617423491042445,2.709545783889423,0.24692402928964569,false
445,0.26755627431632056,0.4019200238943162,0.7376689893348871,1.03005719646251,2.2416840971943968,3.0554234900853734,3.2401489971960147,0.11133131081138907,false
446,0.48024997642568507,0.510863658533061,1.8659219963990978,0.7280862345935335,3.7521346101123956,3.7951756287867164,3.8987093865097973,0.30478608259859286,false
447,0.15561018548806715,0.41092772642459785,0.3721479956878499,0.821546913315206,1.2713240721156374,2.7264582121577763,2.2396958380762206,0.04388716598924637,false
448,0.37672083356079283,0.4502911969291505,1.2205559094936724,0.7037951978401988,2.9708926018588793,3.3254867948140348,3.731660309982997,0.1950978889517625,false
449,0.25901659624408785,0.36444925135012984,0.7058944396107116,1.0334376692952774,2.399803440369236,3.1949658121195577,3.2088720274466094,0.0980784659407065,false
450,0.2159757548736572,0.3512653593073774,0.5562834731644382,1.3992116368768273,2.055750530699494,2.9910930408622716,3.097318519378857,0.062044540873903035,false
451,0.18104238111156432,0.404871695649306,0.4464157157650691,0.7913677544899704,1.5197586630380122,2.8339118842834736,2.435248389548,0.05872296816040164,false
452,0.39383300099069485,0.4647891244011997,1.3120200318408892,0.6249229687111945,3.018802820362282,3.297208043002113,3.8491842499832205,0.20601361368121024,false
453,0.7952991483775487,0.798335054870237,7.8456967490624905,0.7671425503946043,5.063592550624274,4.770320483813595,3.7142887815423276,0.6738471392616139,false
454,0.16383497004485395,0.4084256538176465,0.3956719427853473,0.8111407234765672,1.3531561558270147,2.7598954783196,2.3086679516870596,0.04837252346298169,false
455,0.28439552832979964,0.35397342831625617,0.802546800490951,1.1957912294009014,2.791165386279646,3.5085770038303687,3.236396525175632,0.12299847114071062,false
456,0.4814750467400031,0.5042093896195966,1.8751014638751007,0.8285223842284994,3.9135201150848524,4.082795160921128,3.6046651592904753,0.32473304700789557,false
457,0.5312322563087394,0.5479906872766915,2.2884812971185378,0.8950684711873224,4.060000036352148,4.034420462828818,3.8857304096151903,0.35946465397642324,false
458,0.6938551117534096,0.700299078328655,4.576805216039066,0.8452717116963592,4.697422708059257,4.745700026788846,3.4316773102299747,0.5702437707378156,false
459,0.24163842663785998,0.45183835735881667,0.643443369925329,0.32054525545991774,1.7417150917976476,2.8156204224610857,2.7717232029586207,0.10140774523655802,false
460,0.39137204975022566,0.43778240182597716,1.2985496633174867,0.8655580405191124,3.3523183965381596,3.7124171630745093,3.562470722455292,0.22601946094108202,false
461,0.2919234420096819,0.3589764094708799,0.832548234808244,1.14449074872408,2.812173001212046,3.486208667427517,3.286191316821849,0.1262492617612801,false
462,0.22309500553830255,0.44049655457110876,0.5798859471683796,0.5047848678179868,1.662609703865852,2.814139684598281,2.662604179149209,0.08949698322681636,false
463,0.8238956724862913,0.8255527296606633,9.447629277836153,1.2238888542864395,4.775338167653124,4.719031081165365,3.5820360360733057,0.6932093066052184,false
464,0.15044303058863095,0.4093095947219804,0.35760222831218036,0.9197664450460038,1.2468441147023388,2.72520306522002,2.2095866527666783,0.04137058105666672,false
465,0.4033055323420653,0.4471136337828036,1.3649062364891056,0.7845534628560168,3.415806969341134,3.73780985676727,3.5946998924574802,0.23811875553291437,false
466,0.24422671547602923,0.4520425773675788,0.6525627545730225,0.3285395997525064,1.7639879675277734,2.8243511800767362,2.78982110050455,0.10323921679399113,false
467,0.21598117937519457,0.4412078619378303,0.5563012938540213,0.4885987357142413,1.5950761818613146,2.7855193642940037,2.6093879823481045,0.08471709839615757,false
468,0.16054533653209643,0.4084808559479184,0.38620785150115255,0.8333264481657027,1.3279035672375976,2.7516750673572594,2.2857221643992016,0.0466147361599792,false
469,0.24422671547602923,0.4520425773675788,0.6525627545730225,0.3285395997525064,1.7639879675277734,2.8243511800767362,2.78982110050455,0.10323921679399113,false
470,0.24994629733794266,0.32305335728613255,0.672937914893953,1.5363824501644487,2.710879488199917,3.564345033711614,3.097610851265801,0.09682984903967157,false
471,0.23565037909955813,0.44883613579055354,0.6225822549855693,0.3573935276116976,1.710018139386946,2.81014121134519,2.7352353643888234,0.09739486049531274,false
472,0.48364654250264383,0.5154882309356851,1.8914795400127427,0.6826556130876776,3.710980576486043,3.667880594187547,4.091795202090128,0.29699853983441366,false
473,0.14064361758965566,0.40792769222964226,0.33049688592185944,1.1865724585365662,1.1932992684283266,2.722409722954738,2.14019618230085,0.037045416811876695,false
474,0.2614551249564728,0.3352927279908417,0.7148927952507564,1.3586834680516906,2.689635844154294,3.4944846093907636,3.1472339084948695,0.10257528482092447,false
475,0.30373272248171945,0.3837366185212775,0.8809195488473407,0.9253944385829934,2.7038367777279304,3.3702732695560638,3.312036798742961,0.134917143981406,false
476,0.5661738634714165,0.5806899151331392,2.6354498330812914,0.7088923857677739,4.323750272381087,4.303486960776204,3.6686857184806256,0.4206715229736323,false
477,0.7697027015032664,0.7734796943099304,6.7492391530733675,0.8610678957031116,4.9278639621545715,5.03343843589162,3.318743215773401,0.6631962579369963,false
478,0.06431508340403647,0.44477412807399314,0.13880459984157595,2.80785316520187,0.4685373916930684,2.5422789144136515,1.2691524476127272,0.00819140256401903,false
479,0.3523683839322639,0.438461697310072,1.098726356399353,0.706704481701575,2.776917487815905,3.2102246437753377,3.679658367793327,0.17090267179816646,false
480,0.4530564543914102,0.48740047127050745,1.6727478105921592,1.2540217832319054,3.585088873516742,3.878094880095671,3.592542944245903,0.2835764430122873,false
