Codon Sites,FEL p-value (two-sided),FEL p-value (positive),FEL p-value (purifying),LRT,LL alternative,alpha alternative,beta alternative,LL null,alpha=beta null,direction,positive_selected,purifying_selected,spline_tension
1,0.40049241993214774,0.20024620996607387,0.7997537900339261,0.7068472973393641,-11.119108789779357,0.0023509298217921012,0.4025111118809378,-11.472532438449038,0.28057837607238106,positive,false,false,1
2,0.5882947240577047,0.29414736202885233,0.7058526379711476,0.2930151924203295,-8.96823723085557,0.0023509298217921012,0.340367598289619,-9.114744827065735,0.29335187735346696,positive,false,false,1
3,0.12948555335976508,0.9352572233201175,0.06474277667988254,2.298661346539455,-8.091888093539442,0.8710150006934694,0.0023509298217921012,-9.241218766809169,0.273252569593952,purifying,false,false,1
4,0.36715555546731415,0.8164222222663429,0.18357777773365708,0.8132689373992364,-29.799480401435524,2.0124593107063076,0.8162075023375661,-30.206114870135142,1.1688139508718558,purifying,false,false,1
5,0.036239367122019216,0.018119683561009608,0.9818803164389904,4.385805221860071,-30.82851336163507,0.0023509298217921012,2.2012641789657272,-33.02141597256511,1.3928498730814531,positive,true,false,1
6,0.008637391398933684,0.9956813043005331,0.004318695699466842,6.896308526781987,-21.302193316126633,3.257108149731718,0.0023509298217921012,-24.750347579517626,0.9926264068239925,purifying,false,true,1
7,1,0.5,0.5,0,-4.043095037618925,0.0023509298217921012,0.0023509298217921012,-4.043095037618925,0.0023509298217921012,none,false,false,1
8,1,0.5,0.5,0,-3.9777261035389855,0.0023509298217921012,0.0023509298217921012,-3.9777261035389855,0.0023509298217921012,none,false,false,1
9,0.4691072094926401,0.23455360474632006,0.76544639525368,0.524078123290814,-10.128532951955517,0.0023509298217921012,0.41811449837114356,-10.390572013600924,0.3158765423952784,positive,false,false,1
10,0.15671439035601073,0.9216428048219947,0.07835719517800536,2.005647315732451,-10.253572569276574,0.795624902713982,0.0023509298217921012,-11.256396227142801,0.28683549454022084,purifying,false,false,1
11,1,0.5,0.5,0,-3.7429310904249737,0.0023509298217921012,0.0023509298217921012,-3.7429310904249737,0.0023509298217921012,none,false,false,1
12,0.6041341489010027,0.30206707445050135,0.6979329255494986,0.2688054789991489,-33.77675879225343,1.3548776502002184,2.3629695882929727,-33.91116153175301,2.054719577784779,positive,false,false,1
13,0.3625521156036195,0.8187239421981902,0.18127605780180975,0.8290336470591202,-14.9318574170899,1.5579378536404718,0.40665191648858345,-15.34637424061946,0.6390604132824508,purifying,false,false,1
14,0.13369174689937474,0.9331541265503126,0.06684587344968737,2.2491045468230846,-9.48302618801079,1.02801715965734,0.0023509298217921012,-10.607578461422332,0.3309989359762603,purifying,false,false,1
15,1,0.5,0.5,0,-4.6343493299545795,0.0023509298217921012,0.0023509298217921012,-4.6343493299545795,0.0023509298217921012,none,false,false,1
16,0.20660581369864348,0.8966970931506782,0.10330290684932174,1.5950521797284363,-25.172676783167343,3.085879665216908,0.8274596227070925,-25.97020287303156,1.2953414730403383,purifying,false,false,1
17,0.48834475149700357,0.24417237574850179,0.7558276242514982,0.48017119151310167,-10.30907716274732,0.0023509298217921012,0.4255495123638469,-10.54916275850387,0.331024497621799,positive,false,false,1
18,0.09103684348328316,0.9544815782583584,0.04551842174164158,2.8559429008048336,-26.599619521432974,2.6294439505538256,0.4373794623056661,-28.02759097183539,1.17968010296658,purifying,false,true,1
19,0.0036534311008349185,0.9981732844495825,0.0018267155504174592,8.448507666763035,-23.2164865684338,3.4118366816242034,0.0023509298217921012,-27.44074040181532,1.1719308388862637,purifying,false,true,1
20,0.32757883292799905,0.16378941646399953,0.8362105835360005,0.9584455971788093,-9.781617624147765,0.0023509298217921012,0.5527860820669596,-10.26084042273717,0.3364145774607111,positive,false,false,1
21,0.6776066009784477,0.33880330048922386,0.6611966995107761,0.1728325277037222,-24.393917385105294,0.8103743445575199,1.2719615198104601,-24.480333648957156,1.1131095203819543,positive,false,false,1
22,1,0.5,0.5,0,-4.159313753093957,0.0023509298217921012,0.0023509298217921012,-4.159313753093957,0.0023509298217921012,none,false,false,1
23,0.06719897953531344,0.9664005102323433,0.03359948976765672,3.350147683815711,-9.055462014229914,1.5252321995718372,0.0023509298217921012,-10.730535856137768,0.28118824724198643,purifying,false,true,1
24,0.3322285939393406,0.1661142969696703,0.8338857030303297,0.9401915640751483,-33.721528339135375,0.0023509298217921012,3.060739582420048,-34.19162412117295,2.814582755234276,positive,false,false,1
25,1,0.5,0.5,0,-4.181014098873844,0.0023509298217921012,0.0023509298217921012,-4.181014098873844,0.0023509298217921012,none,false,false,1
26,0.4271253089834233,0.21356265449171166,0.7864373455082884,0.6306272675226713,-11.44373552500341,0.0023509298217921012,0.4623961281217712,-11.759049158764746,0.3402777703089034,positive,false,false,1
27,0.9604745242890148,0.4802372621445074,0.5197627378554925,0.0024559966402594308,-25.893325847820257,1.1666829350878103,1.2348603738226454,-25.894553846140386,1.2176479602843215,positive,false,false,1
28,0.0329368150012177,0.9835315924993911,0.01646840750060885,4.549060299487393,-16.27532139191412,1.9313313675794788,0.0023509298217921012,-18.549851541657816,0.6164036418408098,purifying,false,true,1
29,0.35280568860318245,0.17640284430159123,0.8235971556984087,0.8633400771270262,-9.014147178891374,0.0023509298217921012,0.4303833037774552,-9.445817217454888,0.27941065877718424,positive,false,false,1
30,0.004038685810354708,0.9979806570948226,0.002019342905177354,8.2663392556301,-22.08516337936683,6.5083700717582555,0.3932233543538192,-26.21833300718188,1.5802643423932023,purifying,false,true,1
31,0.12543897774824778,0.9372805111258761,0.06271948887412389,2.3480606273963995,-10.914298112804719,0.9393169704928781,0.0023509298217921012,-12.088328426502919,0.2888819927765624,purifying,false,false,1
32,0.07238881920087896,0.9638055903995605,0.03619440960043948,3.2280050024534845,-9.398731121460266,1.9278145061468428,0.0023509298217921012,-11.012733622687009,0.3818808442703863,purifying,false,true,1
33,0.08001172595275333,0.04000586297637666,0.9599941370236234,3.0646634282260683,-32.45660757105837,0.0023509298217921012,2.0265276354904396,-33.988939285171405,1.5011941303477112,positive,true,false,1
34,0.6076457764730192,0.3038228882365096,0.6961771117634904,0.26361732896947265,-34.11687047652703,0.9600252229232458,1.6909963898598732,-34.24867914101177,1.4347782632577113,positive,false,false,1
35,0.48374682220081155,0.24187341110040578,0.7581265888995943,0.490404653220488,-11.015054929446993,0.0023509298217921012,0.3938500509661755,-11.260257256057237,0.30288478491377463,positive,false,false,1
36,0.05034757482084405,0.974826212589578,0.025173787410422026,3.8298453097314344,-27.505042563627114,3.347322306400311,0.4199604141429213,-29.419965218492834,1.2265170998551025,purifying,false,true,1
37,0.8414584033881362,0.4207292016940681,0.579270798305932,0.04001135780925207,-35.80391579720506,1.453298667197479,1.8386037413846739,-35.82392147610969,1.7746344881878013,positive,false,false,1
38,0.7113697903842043,0.35568489519210217,0.6443151048078979,0.13691261013792008,-26.705547465404447,0.9851524776307661,1.5379302557727679,-26.774003770473406,1.3488651783596213,positive,false,false,1
39,0.1039144861295912,0.9480427569352043,0.0519572430647956,2.64441369120481,-41.9512800396913,3.481030609534744,0.8764530336699011,-43.27348688529371,1.7554853652712186,purifying,false,false,1
40,1,0.5,0.5,0,-3.7971657649935184,0.0023509298217921012,0.0023509298217921012,-3.7971657649935184,0.0023509298217921012,none,false,false,1
41,0.767207550590413,0.3836037752952065,0.6163962247047935,0.08763348677671809,-50.745566105698565,1.9995204533628597,2.5669690303222703,-50.78938284908693,2.417208593041886,positive,false,false,1
42,0.028716144918619162,0.9856419275406905,0.014358072459309581,4.784550142413029,-14.603199286941384,1.9293021144951625,0.0023509298217921012,-16.9954743581479,0.5838069976572323,purifying,false,true,1
43,0.05537394130009576,0.9723130293499521,0.02768697065004788,3.6707895835183395,-27.760608697487758,3.5759761498607996,0.5383236103809639,-29.59600348924693,1.681303528159146,purifying,false,true,1
44,1,0.5,0.5,0,-4.52503113357039,0.0023509298217921012,0.0023509298217921012,-4.52503113357039,0.0023509298217921012,none,false,false,1
45,0.03120376539693189,0.984398117301534,0.015601882698465946,4.64171699384323,-19.40603619718323,1.8262766147978615,0.0023509298217921012,-21.726894694104843,0.5772753729556908,purifying,false,true,1
46,1,0.5,0.5,0,-4.055822350780098,0.0023509298217921012,0.0023509298217921012,-4.055822350780098,0.0023509298217921012,none,false,false,1
47,0.6304548524133361,0.31522742620666805,0.6847725737933319,0.23144439608315007,-35.04091110667285,1.0560403662543993,1.7678170272296574,-35.156633304714425,1.5512058970769136,positive,false,false,1
48,0.00039823800697127054,0.9998008809965143,0.00019911900348563527,12.540442546047462,-16.368619777054132,7.404822204600706,0.0023509298217921012,-22.63884105007786,1.4451875853678955,purifying,false,true,1
49,0.486021136402936,0.243010568201468,0.756989431798532,0.4853227548656208,-53.80719526307913,2.920227528481908,4.737375401925935,-54.04985664051194,4.094797544106048,positive,false,false,1
50,1,0.5,0.5,0,-4.5164381711276285,0.0023509298217921012,0.0023509298217921012,-4.5164381711276285,0.0023509298217921012,none,false,false,1
51,0.11453073506735438,0.9427346324663228,0.05726536753367719,2.4905631588411703,-9.233436455292608,0.9543640073299566,0.0023509298217921012,-10.478718034713193,0.27544718804437707,purifying,false,false,1
52,0.36376217349655726,0.18188108674827863,0.8181189132517214,0.824862991703518,-12.811072384363483,0.0023509298217921012,0.40272559462530233,-13.22350388021524,0.2656314784292277,positive,false,false,1
53,0.7279691931882409,0.6360154034058796,0.36398459659412047,0.12098447791398126,-22.499133292688594,1.312571308907643,0.8510160706897364,-22.559625531645587,0.9503635174629527,purifying,false,false,1
54,0.34016877029838805,0.17008438514919402,0.829915614850806,0.9097952193386075,-10.711744909952678,0.0023509298217921012,0.4483438309521707,-11.166642519621982,0.2855383039423565,positive,false,false,1
55,1,0.5,0.5,0,-3.901711693664364,0.0023509298217921012,0.0023509298217921012,-3.901711693664364,0.0023509298217921012,none,false,false,1
56,0.4682187105161146,0.2341093552580573,0.7658906447419427,0.5261766233462809,-9.775397081521701,0.0023509298217921012,0.386054246881064,-10.038485393194842,0.2927656964134065,positive,false,false,1
57,0.028057412120869495,0.9859712939395653,0.014028706060434748,4.8245360920682705,-26.06138586312519,3.795771600928896,0.441511385450332,-28.473653909159324,1.5068897081064523,purifying,false,true,1
58,0.15412610473777555,0.07706305236888777,0.9229369476311122,2.0309316718266497,-30.18023733604262,0.0023509298217921012,2.0899751573820398,-31.195703171955945,1.7393191160422905,positive,false,false,1
59,0.5234929705613254,0.2617464852806627,0.7382535147193373,0.4070061061116759,-11.354887410211292,0.0023509298217921012,0.4141006781276986,-11.55839046326713,0.33373793768612187,positive,false,false,1
60,0.021957680619873056,0.010978840309936528,0.9890211596900634,5.249135103828634,-40.542376681272124,0.0023509298217921012,3.5089039309897396,-43.16694423318644,2.419927342802922,positive,true,false,1
61,1,0.5,0.5,0,-3.7844384518323464,0.0023509298217921012,0.0023509298217921012,-3.7844384518323464,0.0023509298217921012,none,false,false,1
62,0.5192418110558301,0.25962090552791506,0.7403790944720849,0.4153989528278606,-11.291756140092952,0.0023509298217921012,0.34937997875231797,-11.499455616506882,0.28303050114652356,positive,false,false,1
63,1,0.5,0.5,0,-4.193741412035018,0.0023509298217921012,0.0023509298217921012,-4.193741412035018,0.0023509298217921012,none,false,false,1
64,0.19783650154658589,0.09891825077329294,0.901081749226707,1.6582742681457947,-18.322607128421307,0.0023509298217921012,0.8117546893691899,-19.151744262494205,0.5331661124180591,positive,false,false,1
65,0.028948383618205616,0.9855258081908972,0.014474191809102808,4.770680196777333,-15.047002539982257,1.9209198570932444,0.0023509298217921012,-17.432342638370923,0.5829836067148655,purifying,false,true,1
66,0.22103297752267628,0.11051648876133814,0.8894835112386619,1.4976522009079163,-16.435433040360866,0.0023509298217921012,0.8672901625104924,-17.184259140814824,0.5951450190704198,positive,false,false,1
67,0.012525502485683503,0.0062627512428417515,0.9937372487571583,6.234923102461496,-37.52930791477028,0.0023509298217921012,3.1549191315622127,-40.646769466001025,1.9815217041581112,positive,true,false,1
68,0.3519324554850276,0.1759662277425138,0.8240337722574862,0.8664770987905634,-15.87583016600362,0.0023509298217921012,0.7774580559317763,-16.3090687153989,0.621094244739897,positive,false,false,1
69,0.25147138636942395,0.12573569318471198,0.874264306815288,1.3151109591167869,-10.881988142823694,0.0023509298217921012,0.6156913980227752,-11.539543622382087,0.3129502339300954,positive,false,false,1
70,0.0252186357654547,0.9873906821172727,0.01260931788272735,5.0088099141704605,-15.928529618894597,2.0621525600700195,0.0023509298217921012,-18.43293457597983,0.5971207202752212,purifying,false,true,1
71,0.22787927373398253,0.11393963686699127,0.8860603631330087,1.4540496722220029,-16.306576022980437,0.0023509298217921012,0.8422749212211805,-17.033600859091436,0.5839714615672975,positive,false,false,1
72,0.14990283592351333,0.07495141796175667,0.9250485820382434,2.0732393570564724,-20.96475791372984,0.0023509298217921012,1.2817669766946922,-22.001377592258077,0.902040807110314,positive,false,false,1
73,0.4255151336248328,0.7872424331875836,0.2127575668124164,0.635033050897455,-33.967129168456005,3.139552812611845,1.7051282016302394,-34.28464569390473,2.3130297824231802,purifying,false,false,1
74,1,0.5,0.5,0,-3.7844384518323464,0.0023509298217921012,0.0023509298217921012,-3.7844384518323464,0.0023509298217921012,none,false,false,1
75,0.0007466564630874404,0.0003733282315437202,0.9996266717684563,11.369359009636545,-69.89143967599615,0.0023509298217921012,9.260633362942615,-75.57611918081442,6.471116571350785,positive,true,false,1
76,0.16558616554080943,0.9172069172295952,0.08279308277040472,1.9224560553401515,-9.830390678833446,0.8890626975598869,0.0023509298217921012,-10.791618706503522,0.33418897172645506,purifying,false,false,1
77,1,0.5,0.5,0,-3.7115165108514074,0.0023509298217921012,0.0023509298217921012,-3.7115165108514074,0.0023509298217921012,none,false,false,1
78,0.2089929248678319,0.10449646243391594,0.895503537566084,1.5783889034528478,-16.243266620634785,0.0023509298217921012,0.91050268032835,-17.032461072361208,0.6136452768761529,positive,false,false,1
79,0.023691655854387754,0.9881541720728061,0.011845827927193877,5.117064747291335,-15.085491144102496,2.1338768693945918,0.0023509298217921012,-17.644023517748163,0.5924538571567792,purifying,false,true,1
80,0.6550215938100125,0.6724892030949938,0.32751079690500623,0.19962757396425526,-22.208196887412996,1.4122465368829027,0.8124304057175132,-22.308010674395124,0.9378855123168979,purifying,false,false,1
81,0.4618619632845105,0.7690690183577448,0.23093098164225526,0.5413785115407717,-16.276434196255057,1.0978243468240758,0.3777603219462336,-16.547123452025446,0.5629635530895215,purifying,false,false,1
82,0.15606015134662604,0.07803007567331302,0.921969924326687,2.0119934045820784,-26.448279931160833,0.0023509298217921012,1.4907110371023415,-27.454276633451872,1.1753626640387855,positive,false,false,1
83,0.7688239222436383,0.6155880388781809,0.38441196112181913,0.08638522738777667,-28.117797168255443,1.75501701453207,1.2245980165339638,-28.16098978194933,1.3124296792624928,purifying,false,false,1
84,0.7626021413779382,0.3813010706889691,0.6186989293110309,0.09124357772184666,-42.88278791281046,2.644540172941617,3.338168417183175,-42.928409701671384,3.1131329948403117,positive,false,false,1
85,0.49912371850249065,0.7504381407487547,0.24956185925124533,0.4567990479125948,-23.0051662569854,1.6268398024401787,0.8214880454983113,-23.2335657809417,1.0856611103388858,purifying,false,false,1
86,0.25377997117292767,0.12688998558646383,0.8731100144135362,1.3023744733573954,-23.415819513634684,0.0023509298217921012,1.2768274887610087,-24.067006750313382,1.0048179476883112,positive,false,false,1
87,0.4974146792719022,0.2487073396359511,0.7512926603640488,0.4604479135636319,-32.247732148471556,0.8318634998701901,1.7055291555215395,-32.47795610525338,1.3826263351316865,positive,false,false,1
88,0.645565884970191,0.3227829424850955,0.6772170575149046,0.21153630399764053,-47.76982970434449,2.1459584780384335,3.1476122539770084,-47.87559785634331,2.8269796545895085,positive,false,false,1
89,0.08431271062469166,0.9578436446876541,0.04215635531234583,2.979741931188105,-8.97252752826922,1.28470316800868,0.0023509298217921012,-10.462398493863272,0.28493756607721477,purifying,false,true,1
90,0.7884564200665627,0.6057717899667187,0.39422821003328135,0.0719932697832598,-31.546122282758265,1.699652186369785,1.3225506788646837,-31.582118917649893,1.4239231364754226,purifying,false,false,1
91,0.9335391203215901,0.46676956016079507,0.5332304398392049,0.006954363847542276,-11.096005348011918,0.0023509298217921012,0.2998919413722115,-11.099482529935688,0.2989667758613198,positive,false,false,1
92,0.03480634195807149,0.9825968290209642,0.017403170979035744,4.454650145437529,-15.41100069761095,1.6557966846067176,0.0023509298217921012,-17.638325770329715,0.5390877691173712,purifying,false,true,1
93,0.9814859746198874,0.4907429873099437,0.5092570126900563,0.0005385141516460745,-24.3009323476267,0.8394457750313453,0.8629645412522586,-24.301201604702523,0.8550739865868088,positive,false,false,1
94,1,0.5,0.5,0,-4.073664498952033,0.0023509298217921012,0.0023509298217921012,-4.073664498952033,0.0023509298217921012,none,false,false,1
95,0.7036366038224177,0.6481816980887911,0.35181830191120883,0.14471636173677838,-37.40207145734896,2.612355240883315,1.8151959808628626,-37.47442963821735,1.9386227478064322,purifying,false,false,1
96,1,0.5,0.5,0,-4.073664498952033,0.0023509298217921012,0.0023509298217921012,-4.073664498952033,0.0023509298217921012,none,false,false,1
97,0.16328910302405533,0.9183554484879723,0.08164455151202767,1.9434992256093742,-17.59281006569057,2.1338160467733536,0.4136256662868619,-18.56455967849526,0.8966999097746595,purifying,false,false,1
98,0.010983480275321344,0.005491740137660672,0.9945082598623394,6.467988040640705,-35.3852921177023,0.0023509298217921012,3.315004692115267,-38.61928613802265,2.020178143524992,positive,true,false,1
99,1,0.5,0.5,0,-4.095972170440964,0.0023509298217921012,0.0023509298217921012,-4.095972170440964,0.0023509298217921012,none,false,false,1
100,0.06371102800321965,0.031855514001609825,0.9681444859983902,3.4380451770371865,-34.36234054148301,0.0023509298217921012,2.475416676596522,-36.081363130001606,1.8412764468175677,positive,true,false,1
101,0.09412527310223119,0.047062636551115596,0.9529373634488844,2.802366678564664,-34.58565448443725,0.0023509298217921012,2.4756041585150235,-35.98683782371958,1.9266165726083788,positive,true,false,1
102,0.11236258974564989,0.943818705127175,0.056181294872824944,2.5206734174827163,-9.398140334438853,0.97183543270118,0.0023509298217921012,-10.658477043180211,0.2770860991561582,purifying,false,false,1
103,0.12447879142944991,0.9377606042852751,0.062239395714724956,2.3600425810014696,-10.172778267499913,0.9461951351651046,0.0023509298217921012,-11.352799558000648,0.2895718732031644,purifying,false,false,1
104,0.6135806647971513,0.6932096676014243,0.30679033239857567,0.25499354760827503,-80.42514331880741,8.336493076747537,6.394825995511875,-80.55264009261155,6.954203255517136,purifying,false,false,1
105,0.12510772907386103,0.9374461354630694,0.06255386453693051,2.352182660157994,-10.337431240443657,0.9037532808561738,0.0023509298217921012,-11.513522570522653,0.276109668853482,purifying,false,false,1
106,0.24336570275584618,0.12168285137792309,0.8783171486220769,1.3609916955813641,-16.23583445590183,0.0023509298217921012,0.8504658856360223,-16.91633030369251,0.6020582286083289,positive,false,false,1
107,0.32923717954656745,0.16461858977328372,0.8353814102267163,0.9518959593668687,-11.953854671204615,0.0023509298217921012,0.5482144385642794,-12.42980265088805,0.33431034344484956,positive,false,false,1
108,0.46294414334405454,0.23147207167202727,0.7685279283279727,0.5387670081742052,-42.39401523145932,1.3011473329371808,2.707395068790037,-42.66339873554642,2.373577900546362,positive,false,false,1
109,0.11525258338929037,0.9423737083053548,0.057626291694645185,2.480677677115733,-10.210642297694871,1.0463225703744103,0.0023509298217921012,-11.450981136252738,0.29937733934771704,purifying,false,false,1
110,0.507283514894934,0.253641757447467,0.746358242552533,0.4396663191073683,-10.6989014540969,0.0023509298217921012,0.4051387507858446,-10.918734613650583,0.3180156180498719,positive,false,false,1
111,0.35898833884875114,0.8205058305756244,0.17949416942437557,0.8414292254325968,-15.504992291584898,1.557954554740873,0.4024497048731647,-15.925706904301197,0.6345526138409409,purifying,false,false,1
112,0.27580640450882554,0.8620967977455872,0.13790320225441277,1.1876386485458754,-26.617155835402645,3.5660870392842203,1.2077461585710607,-27.210975159675584,1.6374421803084271,purifying,false,false,1
113,0.5322168646787713,0.7338915676606144,0.26610843233938564,0.3901569603215352,-24.39971698266752,1.6476650694480188,0.8736394940171296,-24.594795462828287,1.1450798461389882,purifying,false,false,1
114,0.5019497334722646,0.2509748667361323,0.7490251332638678,0.4508116426425527,-8.710627598201295,0.0023509298217921012,0.38482360146418837,-8.936033419522571,0.30185655133699807,positive,false,false,1
115,0.3826216162741339,0.8086891918629331,0.19131080813706694,0.7622618285917694,-25.947640637194592,1.9654659718570953,0.8190361506349751,-26.328771551490476,1.1626053790367237,purifying,false,false,1
116,0.13531458977448899,0.9323427051127555,0.06765729488724449,2.2304482255478413,-8.529971087803368,0.8710150132516151,0.0023509298217921012,-9.64519520057729,0.28192963318807207,purifying,false,false,1
117,0.16453549450897353,0.9177322527455132,0.08226774725448677,1.9320394803588694,-26.004830374769597,3.540974696797599,0.8142103525390875,-26.970850114949034,1.3123648075884893,purifying,false,false,1
118,0.011441062197667544,0.9942794689011663,0.005720531098833772,6.395490283596629,-20.6093065852346,2.4317400571579526,0.0023509298217921012,-23.807051727032913,0.8272563125354021,purifying,false,true,1
119,0.6381261077306806,0.6809369461346597,0.3190630538653403,0.22120125113840045,-13.379099024298368,0.8759102461450715,0.4423733748061307,-13.489699649867568,0.5928185177564891,purifying,false,false,1
120,1,0.5,0.5,0,-4.105079078525601,0.0023509298217921012,0.0023509298217921012,-4.105079078525601,0.0023509298217921012,none,false,false,1
121,0.9879964369018006,0.5060017815490997,0.4939982184509003,0.00022634495272830235,-28.40920159343882,1.2385621758856284,1.2177564447508387,-28.409314765915184,1.2229126339967098,purifying,false,false,1
122,0.9249501543557623,0.5375249228221188,0.46247507717788117,0.008873656512113276,-26.572926799354978,1.3124046783334609,1.180480910975907,-26.577363627611035,1.212731750606173,purifying,false,false,1
123,0.5555070414205527,0.7222464792897236,0.27775352071027637,0.3475433445234548,-15.491671016783963,1.0275326687452195,0.44071304082292123,-15.66544268904569,0.621674626146597,purifying,false,false,1
124,0.18488059327215903,0.9075597033639204,0.09244029663607951,1.757948690201156,-11.665521616356457,0.7292113220770788,0.0023509298217921012,-12.544495961457034,0.29976255218812314,purifying,false,false,1
125,1,0.5,0.5,0,-3.893605987475355,0.0023509298217921012,0.0023509298217921012,-3.893605987475355,0.0023509298217921012,none,false,false,1
126,0.48769752521498994,0.24384876260749497,0.756151237392505,0.4816020299073343,-10.050686771694838,0.0023509298217921012,0.3843129365239798,-10.291487786648506,0.29736465927081945,positive,false,false,1
127,1,0.5,0.5,0,-3.6162454380508486,0.0023509298217921012,0.0023509298217921012,-3.6162454380508486,0.0023509298217921012,none,false,false,1
128,0.08856700417400397,0.9557164979129981,0.044283502087001984,2.9002282986460077,-10.169400028342928,1.2919396722692018,0.0023509298217921012,-11.619514177665932,0.2968056777826052,purifying,false,true,1
129,0.13774631709300306,0.06887315854650153,0.9311268414534984,2.2029565850126303,-22.60366529529796,0.0023509298217921012,1.3695810400168245,-23.705143587804276,0.9459195408616028,positive,false,false,1
130,0.21392228400034274,0.10696114200017137,0.8930388579998286,1.544681810607494,-22.681244011209056,0.0023509298217921012,1.266019987775766,-23.453584916512803,0.9624351765162329,positive,false,false,1
131,0.5295620314763936,0.7352189842618032,0.2647810157381968,0.39523182110728194,-23.921076991852892,1.7517955187951,0.768522375340644,-24.118692902406533,0.9360914520146363,purifying,false,false,1
132,0.13587549050059983,0.9320622547497001,0.06793774525029991,2.224058207343734,-8.282848799701684,0.910920962758108,0.0023509298217921012,-9.394877903373551,0.29621691346016565,purifying,false,false,1
133,0.14549503608450817,0.07274751804225409,0.9272524819577459,2.118857616418886,-28.176078226027318,0.0023509298217921012,1.5251796936794686,-29.23550703423676,1.1801096995614715,positive,false,false,1
134,0.22126953834864138,0.8893652308256793,0.11063476917432069,1.496118744228456,-21.412897010137907,1.7157224191204647,0.4026107696080263,-22.160956382252134,0.8241116058821644,purifying,false,false,1
135,0.3883867000838903,0.19419335004194516,0.8058066499580548,0.7439869538717246,-11.029034274438581,0.0023509298217921012,0.42498749082316734,-11.401027751374444,0.2912949818852995,positive,false,false,1
136,0.38278741126481364,0.8086062943675931,0.19139370563240682,0.7617308178748823,-13.701546264317672,1.3927816087910736,0.3916465213611524,-14.082411673255114,0.6108814322458246,purifying,false,false,1
137,0.22712855662556583,0.11356427831278292,0.8864357216872171,1.4587535930074038,-20.79728528168193,0.0023509298217921012,1.2421013497704245,-21.52666207818563,0.95725755027234,positive,false,false,1
138,1,0.5,0.5,0,-4.537741749505961,0.0023509298217921012,0.0023509298217921012,-4.537741749505961,0.0023509298217921012,none,false,false,1
139,0.7644520811536406,0.3822260405768203,0.6177739594231797,0.08978390447332285,-25.708312176797097,0.0023509298217921012,1.2356483852489095,-25.753204129033758,1.222515554400315,positive,false,false,1
140,0.03268209489813952,0.9836589525509303,0.01634104744906976,4.562355327194619,-14.146140148791215,1.8245670298626069,0.0023509298217921012,-16.427317812388523,0.581027694974145,purifying,false,true,1
141,0.08194219399070034,0.9590289030046498,0.04097109699535017,3.025952381171325,-8.67446858737744,1.3038875226493931,0.0023509298217921012,-10.187444777963103,0.28314057188210034,purifying,false,true,1
142,0.5015846202980633,0.25079231014903164,0.7492076898509683,0.4515819723627518,-12.817760851032002,0.0023509298217921012,0.3589570848183196,-13.043551837213379,0.28438620586219004,positive,false,false,1
143,0.14912999554766884,0.9254350022261656,0.07456499777383442,2.0811274311596586,-10.304842801281174,0.7896207215105635,0.0023509298217921012,-11.345406516861003,0.2753001987405049,purifying,false,false,1
144,0.30854503228811647,0.15427251614405824,0.8457274838559418,1.0368937033908547,-17.25500926761018,0.0023509298217921012,0.7490415341144361,-17.773456119305607,0.58014639036948,positive,false,false,1
145,0.37971384743211944,0.18985692371605972,0.8101430762839403,0.7716281395017212,-9.917801846894616,0.0023509298217921012,0.44152061490137967,-10.303615916645477,0.29897762486240614,positive,false,false,1
146,0.008227604870175745,0.9958861975649121,0.004113802435087873,6.983250251699347,-12.621766255396222,3.9680015417120598,0.0023509298217921012,-16.113391381245897,0.666889916082326,purifying,false,true,1
147,0.31307166229172884,0.15653583114586442,0.8434641688541356,1.0176728730872704,-13.012069630393405,0.0023509298217921012,0.533144425324615,-13.520906066937041,0.31300015694420813,positive,false,false,1
148,0.07613175462814187,0.038065877314070934,0.961934122685929,3.1456050696487607,-27.58069433657139,0.0023509298217921012,1.8438276056648826,-29.15349687139577,1.2450990496515608,positive,true,false,1
149,1,0.5,0.5,0,-4.267797268898912,0.0023509298217921012,0.0023509298217921012,-4.267797268898912,0.0023509298217921012,none,false,false,1
150,0.8609306333640865,0.5695346833179568,0.43046531668204324,0.030691412543074045,-35.7486983540319,1.9367309163546715,1.6710806093155377,-35.76404406030344,1.7566370680311103,purifying,false,false,1
151,0.05317624107288226,0.9734118794635589,0.02658812053644113,3.7383715842087666,-9.447859311295348,1.830314887892653,0.0023509298217921012,-11.317045103399732,0.2792383570256837,purifying,false,true,1
152,0.10383571935780102,0.9480821403210995,0.05191785967890051,2.645618741195133,-8.524112244845773,1.3038872614488886,0.0023509298217921012,-9.846921615443339,0.34223567351158185,purifying,false,false,1
153,0.3199585625298891,0.8400207187350555,0.15997928126494454,0.9891159177828168,-14.763635513660263,2.03843463275174,0.4651992669569591,-15.258193472551673,0.7715549417008437,purifying,false,false,1
154,0.4582649144971388,0.7708675427514307,0.2291324572485694,0.5501291276347493,-30.36135272512933,1.8587373648861043,0.8778327718258222,-30.636417288946703,1.1984190077204904,purifying,false,false,1
155,0.13360244235992524,0.9331987788200373,0.06680122117996262,2.2501385389538004,-11.165325450900133,0.9447309094811738,0.0023509298217921012,-12.290394720377032,0.30351757851133476,purifying,false,false,1
156,0.8705735825303067,0.5647132087348467,0.43528679126515335,0.026546173813804426,-22.107320903859616,0.9613999151290293,0.792087910860279,-22.12059399076652,0.8458662275291449,purifying,false,false,1
157,0.23384476899571818,0.8830776155021409,0.11692238449785909,1.4173216307594156,-21.981856818493068,1.6544872574097158,0.4032443821601152,-22.690517633872776,0.8151544284401864,purifying,false,false,1
158,1,0.5,0.5,0,-3.883024427251973,0.0023509298217921012,0.0023509298217921012,-3.883024427251973,0.0023509298217921012,none,false,false,1
159,0.06262889595832934,0.9686855520208353,0.03131444797916467,3.466362244194716,-9.142973138157355,1.9259779358182423,0.0023509298217921012,-10.876154260254715,0.3330383757024088,purifying,false,true,1
160,0.37636505887723326,0.18818252943861663,0.8118174705613834,0.7825412651404403,-10.929318125211562,0.0023509298217921012,0.44895012462233297,-11.320588757781781,0.3027663826979187,positive,false,false,1
161,0.5826434363586811,0.7086782818206594,0.29132171817934055,0.30198049483292594,-24.487021663017376,1.5393803515149598,0.7481516249153789,-24.63801191043384,0.9020433228730455,purifying,false,false,1
162,0.2457732706185755,0.12288663530928776,0.8771133646907122,1.3471712405831469,-21.80075929730262,0.0023509298217921012,1.1652148732399985,-22.474344917594195,0.9187110015030622,positive,false,false,1
163,0.04018981393378901,0.9799050930331055,0.020094906966894505,4.209853089287248,-13.535527476716375,1.6049261061371123,0.0023509298217921012,-15.64045402136,0.5562316725949727,purifying,false,true,1
164,0.4968888762657289,0.7515555618671356,0.24844443813286446,0.4615747896518104,-20.683257188557143,1.2599372336884807,0.5617305266869186,-20.914044583383046,0.8874328285666574,purifying,false,false,1
165,0.4606104749633507,0.23030523748167536,0.7696947625183246,0.5444107412883936,-11.435621962592752,0.0023509298217921012,0.4631326189439191,-11.70782733323695,0.35906517657588,positive,false,false,1
166,0.1646149577364223,0.9176925211317889,0.08230747886821115,1.9313122344878728,-30.26683831387082,3.1926338367666105,0.8964482137727664,-31.23249443111476,1.5800192330044245,purifying,false,false,1
167,0.9909263437584291,0.5045368281207854,0.49546317187921457,0.0001293306612357159,-42.825501062402374,2.5565484165241523,2.5334605588984407,-42.82556572773299,2.539097784386136,purifying,false,false,1
168,1,0.5,0.5,0,-3.7971657649935184,0.0023509298217921012,0.0023509298217921012,-3.7971657649935184,0.0023509298217921012,none,false,false,1
169,0.9464169626232103,0.47320848131160514,0.5267915186883949,0.004516758794389078,-31.09297084622668,1.5763332011689948,1.6823499455142086,-31.095229225623875,1.6403071357489698,positive,false,false,1
170,0.4017379658340269,0.20086898291701344,0.7991310170829866,0.7031180306355438,-9.672619289901919,0.0023509298217921012,0.43359364738478307,-10.024178305219692,0.30266661854464133,positive,false,false,1
171,0.9961850410831458,0.4980925205415729,0.5019074794584271,0.00002286149547747751,-23.721791824064358,0.8185457058406692,0.8233541432764893,-23.721803254812098,0.821749134848897,positive,false,false,1
172,0.4597317912324905,0.22986589561624526,0.7701341043837547,0.5465475257662746,-11.07580742419541,0.0023509298217921012,0.46498994334317123,-11.349081187078548,0.36053123062546405,positive,false,false,1
173,1,0.5,0.5,0,-4.3525220152744,0.0023509298217921012,0.0023509298217921012,-4.3525220152744,0.0023509298217921012,none,false,false,1
174,0.03223774241577054,0.9838811287921148,0.01611887120788527,4.585809222781982,-27.811193528828138,5.65982346660477,0.7627630405226771,-30.10409814021913,1.584773637275926,purifying,false,true,1
175,0.13475957265402796,0.06737978632701398,0.932620213672986,2.2368004556467467,-33.09619692865774,0.0023509298217921012,2.4984808617928156,-34.21459715648112,2.022233064503978,positive,false,false,1
176,1,0.5,0.5,0,-3.893605987475355,0.0023509298217921012,0.0023509298217921012,-3.893605987475355,0.0023509298217921012,none,false,false,1
177,1,0.5,0.5,0,-3.9244642540404526,0.0023509298217921012,0.0023509298217921012,-3.9244642540404526,0.0023509298217921012,none,false,false,1
178,0.13688781668058533,0.9315560916597073,0.06844390834029267,2.2125997582797203,-8.2913515458374,0.9041968129117327,0.0023509298217921012,-9.397651424977262,0.29549215251553596,purifying,false,false,1
179,1,0.5,0.5,0,-3.7429310904249737,0.0023509298217921012,0.0023509298217921012,-3.7429310904249737,0.0023509298217921012,none,false,false,1
180,1,0.5,0.5,0,-3.6162454380508486,0.0023509298217921012,0.0023509298217921012,-3.6162454380508486,0.0023509298217921012,none,false,false,1
181,0.3745997954576072,0.8127001022711964,0.1872998977288036,0.7883490895804277,-16.663630346511322,1.421373364486597,0.394555673548057,-17.057804891301537,0.6176417139875146,purifying,false,false,1
182,0.19613339234878127,0.9019333038256093,0.09806669617439064,1.670934737055569,-38.88143395429193,3.5630407092908314,1.3052226522637589,-39.716901322819716,2.009388946128417,purifying,false,false,1
183,0.012724076555445645,0.006362038277722823,0.9936379617222771,6.2070740553098815,-56.39749883628903,0.0023509298217921012,5.721863465099901,-59.501035863943976,4.442980405512653,positive,true,false,1
184,0.038250512148857926,0.019125256074428963,0.9808747439255711,4.293847360490571,-28.00842551083729,0.0023509298217921012,2.1660786647784263,-30.15534919108258,1.3871567143126036,positive,true,false,1
185,0.5709138585070708,0.7145430707464646,0.2854569292535354,0.32115575280212894,-15.997474797726328,0.93728987051821,0.4186325716774725,-16.15805267412739,0.582807819428996,purifying,false,false,1
186,0.2574169378713647,0.12870846893568236,0.8712915310643177,1.2825959464148917,-33.407844753906275,0.0023509298217921012,2.4449734609825664,-34.049142727113725,2.1042538005580953,positive,false,false,1
187,0.5783628836465005,0.28918144182325023,0.7108185581767498,0.3088886898892383,-25.072615530569006,0.0023509298217921012,1.2880528690875697,-25.22705987551363,1.243434691569103,positive,false,false,1
188,0.773689335277984,0.386844667638992,0.6131553323610079,0.08268644216247342,-24.586116369647236,0.9082571290905821,1.2488205204808727,-24.627459590728474,1.146678493124001,positive,false,false,1
189,0.19671664253536478,0.9016416787323176,0.09835832126768239,1.666584550088729,-11.373680938599787,0.7254129374915694,0.0023509298217921012,-12.206973213644151,0.31083456764021017,purifying,false,false,1
190,0.0649759810291005,0.9675120094854498,0.03248799051455025,3.405587170825237,-8.92226746796414,1.85824286237545,0.0023509298217921012,-10.625061053376758,0.3271513093065552,purifying,false,true,1
191,0.3443941042321172,0.1721970521160586,0.8278029478839414,0.89400574123747,-9.411639674448075,0.0023509298217921012,0.4409920589368335,-9.85864254506681,0.2826398010239682,positive,false,false,1
192,0.6833470616939734,0.6583264691530133,0.3416735308469867,0.1663824237223061,-20.067769006438507,1.3311120677190085,0.7946360573797071,-20.15096021829966,0.9117346381217929,purifying,false,false,1
193,0.4623133640394043,0.23115668201970216,0.7688433179802978,0.5402880146597646,-10.641662111919077,0.0023509298217921012,0.39687518897770285,-10.91180611924896,0.2984463502257073,positive,false,false,1
194,0.31176725253358156,0.8441163737332092,0.15588362626679078,1.0231743036102432,-33.92916301453275,2.93260488842666,1.280014071930064,-34.44075016633787,1.7956405037791996,purifying,false,false,1
195,0.32762720834869663,0.16381360417434832,0.8361863958256517,0.9582539158649588,-16.192711858793793,0.0023509298217921012,0.7914395391237232,-16.67183881672627,0.6173451038947799,positive,false,false,1
196,0.18416404861058958,0.9079179756947052,0.09208202430529479,1.7636971081865411,-22.922089333531627,1.9165214520351734,0.40106029414194977,-23.803937887624897,0.8513488400699294,purifying,false,false,1
197,0.26219752642494704,0.8689012367875265,0.13109876321247352,1.2571170031929755,-34.9029504535339,3.133595959186024,1.226734205416914,-35.531508955130384,1.767482881845022,purifying,false,false,1
198,0.9514192272778254,0.5242903863610873,0.4757096136389127,0.003711798943078444,-38.32672097070901,1.9846580812335657,1.8911769255754851,-38.32857687018055,1.9197889926451004,purifying,false,false,1
199,0.46398481222348753,0.23199240611174377,0.7680075938882562,0.5362648314320573,-11.902160942482404,0.0023509298217921012,0.3938169525705514,-12.170293358198432,0.2968452515907359,positive,false,false,1
200,0.09246772998377016,0.9537661350081149,0.04623386499188508,2.8308790465243083,-25.621660154235308,2.5317285004005043,0.42481525194924025,-27.037099677497462,1.1357461053806825,purifying,false,true,1
201,0.21964239577900357,0.8901788021104982,0.10982119788950179,1.5067061904820411,-30.660159264789552,2.6020460974616713,0.8522791777115866,-31.413512360030573,1.3997777391440722,purifying,false,false,1
202,1,0.5,0.5,0,-5.115968946607434,0.0023509298217921012,0.0023509298217921012,-5.115968946607434,0.0023509298217921012,none,false,false,1
203,0.2696305322582758,0.1348152661291379,0.865184733870862,1.2186257666101097,-13.683136065673592,0.0023509298217921012,0.8301128159275256,-14.292448948978647,0.6078014970109903,positive,false,false,1
204,0.10982934122053474,0.9450853293897327,0.05491467061026737,2.55667520670779,-10.909227044171004,1.0340562516468508,0.0023509298217921012,-12.1875646475249,0.2872412283634776,purifying,false,false,1
205,0.8536479583166652,0.4268239791583326,0.5731760208416674,0.03402768605612076,-29.553788006734933,0.9606205100567142,1.1921259390738796,-29.570801849762994,1.1289475438184244,positive,false,false,1
206,0.12689653348276553,0.9365517332586173,0.06344826674138276,2.330065555494958,-10.119522005553257,0.9382411907132041,0.0023509298217921012,-11.284554783300736,0.2908659472411167,purifying,false,false,1
207,0.4714896303173242,0.7642551848413379,0.2357448151586621,0.518482652991742,-15.730674384647838,1.118280255892681,0.39320788917885796,-15.98991571114371,0.582150862195638,purifying,false,false,1
208,0.02482496673238958,0.9875875166338052,0.01241248336619479,5.036054517210836,-18.488608862122728,2.2290404081596127,0.0023509298217921012,-21.006636120728146,0.9434928914799485,purifying,false,true,1
209,0.4856939552375567,0.24284697761877835,0.7571530223812216,0.48605141029555554,-10.881252995628259,0.0023509298217921012,0.3943519231677054,-11.124278700776037,0.3038082591098396,positive,false,false,1
210,0.5642108947253626,0.7178945526373187,0.2821054473626813,0.33246543841611603,-17.559396288375574,0.9517891762018111,0.42003971586247746,-17.72562900758363,0.5875475279664573,purifying,false,false,1
211,0.08745435512876942,0.9562728224356153,0.04372717756438471,2.920618086276449,-9.194049836357326,1.2850016248375475,0.0023509298217921012,-10.654358879495552,0.292652250157723,purifying,false,true,1
212,0.9670935018730309,0.48354675093651545,0.5164532490634846,0.0017018744028340325,-10.77567520374406,0.0023509298217921012,0.298626204362458,-10.776526140945476,0.29839875295752555,positive,false,false,1
213,0.13427294045710614,0.9328635297714469,0.06713647022855307,2.242394136648791,-10.312086686615649,0.9225516360121773,0.0023509298217921012,-11.433283754940042,0.29727971971987976,purifying,false,false,1
214,0.6706610258175116,0.6646694870912442,0.3353305129087558,0.1808298472443637,-29.123927321219206,1.6711798891752958,1.0655589648666557,-29.21434224484139,1.2991415045181605,purifying,false,false,1
215,0.02441978232978158,0.01220989116489079,0.9877901088351092,5.064568470012187,-51.117068031238915,0.0023509298217921012,4.145355175611606,-53.64935226624501,2.9847870544806603,positive,true,false,1
216,1,0.5,0.5,0,-4.483987739135453,0.0023509298217921012,0.0023509298217921012,-4.483987739135453,0.0023509298217921012,none,false,false,1
217,0.11568692436452627,0.9421565378177369,0.05784346218226313,2.4747623808452546,-10.946677415907004,1.0233911163006615,0.0023509298217921012,-12.18405860632963,0.2960413666386364,purifying,false,false,1
218,0.2387468296028045,0.11937341480140225,0.8806265851985977,1.3879783000734918,-52.86245691407344,1.7264229458835907,5.150088342501842,-53.55644606411018,4.216341771573335,positive,false,false,1
219,0.4417564577176269,0.7791217711411865,0.22087822885881345,0.5917155936029664,-14.572691343983147,1.202922829148714,0.3914608863908099,-14.86854914078463,0.5898421958703484,purifying,false,false,1
220,1,0.5,0.5,0,-3.562316265940004,0.0023509298217921012,0.0023509298217921012,-3.562316265940004,0.0023509298217921012,none,false,false,1
221,0.11958716482843175,0.9402064175857842,0.059793582414215875,2.4227194645600902,-8.80214753099544,0.942222898324904,0.0023509298217921012,-10.013507263275486,0.2801698529159743,purifying,false,false,1
222,1,0.5,0.5,0,-3.562316265940004,0.0023509298217921012,0.0023509298217921012,-3.562316265940004,0.0023509298217921012,none,false,false,1
223,0.39068064853053597,0.19534032426526798,0.804659675734732,0.736822501178343,-16.959208464560845,0.0023509298217921012,0.8290038930000863,-17.327619715150018,0.6736145812725055,positive,false,false,1
224,0.0724890425858145,0.9637554787070928,0.03624452129290725,3.2257395432551412,-8.947723397920086,1.559108704665748,0.0023509298217921012,-10.560593169547657,0.30187457608482887,purifying,false,true,1
225,1,0.5,0.5,0,-4.127899173520479,0.0023509298217921012,0.0023509298217921012,-4.127899173520479,0.0023509298217921012,none,false,false,1
226,0.0288252950223231,0.9855873524888384,0.01441264751116155,4.778016902460363,-15.782676493415057,1.918870357933622,0.0023509298217921012,-18.17168494464524,0.5806948391600506,purifying,false,true,1
227,0.10097874498215328,0.9495106275089233,0.05048937249107664,2.690016824908436,-24.32648789583593,2.5451146283183324,0.4414986270799262,-25.67149630829015,1.1722132689185707,purifying,false,false,1
228,0.5302562437581267,0.26512812187906337,0.7348718781209367,0.3939003831494719,-10.97634675918727,0.0023509298217921012,0.41224688479563626,-11.173296950762007,0.33448210007968293,positive,false,false,1
229,0.09391611355902284,0.04695805677951142,0.9530419432204886,2.8059343238347814,-38.10157223661258,0.0023509298217921012,2.9504638291208476,-39.50453939852997,2.4677501056918216,positive,true,false,1
230,1,0.5,0.5,0,-4.267797268898912,0.0023509298217921012,0.0023509298217921012,-4.267797268898912,0.0023509298217921012,none,false,false,1
231,0.23740188571717796,0.11870094285858898,0.881299057141411,1.39595584405804,-15.469667571367616,0.0023509298217921012,0.8664144598987824,-16.167645493396638,0.6082900546738189,positive,false,false,1
232,1,0.5,0.5,0,-4.494255993127553,0.0023509298217921012,0.0023509298217921012,-4.494255993127553,0.0023509298217921012,none,false,false,1
233,0.31489190034561915,0.15744595017280957,0.8425540498271904,1.0100457243331327,-15.456789892027436,0.0023509298217921012,0.7422019694913509,-15.961812754194002,0.5795527551430962,positive,false,false,1
234,1,0.5,0.5,0,-3.7657511854199712,0.0023509298217921012,0.0023509298217921012,-3.7657511854199712,0.0023509298217921012,none,false,false,1
235,0.2976438447051582,0.1488219223525791,0.8511780776474209,1.0847210165490124,-93.31330595079403,5.584632790668217,10.208611850205315,-93.85566645906853,8.99836115936938,positive,false,false,1
236,0.4961609982666492,0.2480804991333246,0.7519195008666754,0.4631380679898355,-32.75523949042356,0.8060910392405584,1.6613176583962896,-32.986808524418485,1.350295785277508,positive,false,false,1
237,0.13238698541285812,0.933806507293571,0.06619349270642906,2.2642886955743333,-55.96661767186226,8.684698169124827,3.3060620274846726,-57.09876201964943,4.324829792238052,purifying,false,false,1
238,0.043528720548742114,0.021764360274371057,0.978235639725629,4.074749317220043,-77.50816911417694,2.004524600792415,7.838144002107112,-79.54554377278696,5.802003982486342,positive,true,false,1
239,0.9757361950121549,0.5121319024939226,0.48786809750607746,0.0009250586470297144,-56.15155460527914,3.024400233651086,2.9343843922363937,-56.15201713460266,2.9534000680167134,purifying,false,false,1
240,1,0.5,0.5,0,-4.087236930353645,0.0023509298217921012,0.0023509298217921012,-4.087236930353645,0.0023509298217921012,none,false,false,1
241,1,0.5,0.5,0,-3.9777261035389855,0.0023509298217921012,0.0023509298217921012,-3.9777261035389855,0.0023509298217921012,none,false,false,1
242,0.4387802522890407,0.7806098738554796,0.21939012614452036,0.599470125513783,-33.098853343132845,3.42373153323374,1.6641759829218281,-33.39858840588974,1.9708161632919663,purifying,false,false,1
243,0.7898909363949562,0.6050545318025219,0.3949454681974781,0.07099681983700201,-22.59455723798852,1.2969607290657155,0.9370051592899458,-22.630055647907025,1.023861817181129,purifying,false,false,1
244,0.55726745602409,0.278633728012045,0.721366271987955,0.34445749380039425,-36.55184161929184,1.415391378975646,2.600051741755755,-36.72407036619204,2.2469317909992452,positive,false,false,1
245,0.29649652021160217,0.14824826010580108,0.851751739894199,1.0898858449775115,-17.35603449987402,0.0023509298217921012,0.7977137974793892,-17.900977422362775,0.6037824638207742,positive,false,false,1
246,0.0673195352331495,0.03365976761657475,0.9663402323834253,3.3471973650760654,-31.365126017431873,0.0023509298217921012,3.134564430182509,-33.038724699969904,2.0734506340471333,positive,true,false,1
247,0.526422835473049,0.2632114177365245,0.7367885822634754,0.4012917857595367,-27.895764611851977,0.8177176822780174,1.6635284303238815,-28.096410504731747,1.3108818919556544,positive,false,false,1
248,0.366224789742479,0.1831123948712395,0.8168876051287605,0.8164342170764664,-10.285085677904599,0.0023509298217921012,0.40476958229286,-10.693302786442832,0.26807306690013455,positive,false,false,1
249,0.7425582542817899,0.37127912714089495,0.628720872859105,0.1078908755223889,-33.66475630466463,1.1914386580722525,1.6889566210011773,-33.71870174242583,1.546967599575709,positive,false,false,1
250,1,0.5,0.5,0,-4.181014098873844,0.0023509298217921012,0.0023509298217921012,-4.181014098873844,0.0023509298217921012,none,false,false,1
251,0.3892413083923364,0.1946206541961682,0.8053793458038319,0.7413107894582934,-16.166989913269184,0.0023509298217921012,0.7972902761174278,-16.53764530799833,0.6511886732939154,positive,false,false,1
252,0.4159902453239576,0.2079951226619788,0.7920048773380212,0.6616153175281225,-8.57247883975664,0.0023509298217921012,0.41584137023968853,-8.9032864985207,0.29567168635692176,positive,false,false,1
253,1,0.5,0.5,0,-3.6162454380508486,0.0023509298217921012,0.0023509298217921012,-3.6162454380508486,0.0023509298217921012,none,false,false,1
254,0.39213892089206587,0.8039305395539671,0.19606946044603293,0.7322992613563916,-89.70688575411005,8.389188848010411,5.555417418297357,-90.07303538478826,6.471736204477036,purifying,false,false,1
255,0.6090917858177463,0.30454589290887313,0.6954541070911269,0.26149952030722856,-23.94420987045215,0.6070550686295371,1.1282861484979076,-24.074959630605765,0.8763644037517655,positive,false,false,1
256,0.080231452113655,0.9598842739431726,0.0401157260568275,3.0602068217076264,-9.318682281878331,1.4122403405290296,0.0023509298217921012,-10.848785692732143,0.30409586651269543,purifying,false,true,1
257,0.13316901310205384,0.9334154934489731,0.06658450655102692,2.2551678953193477,-10.17230774059822,1.0285117972699716,0.0023509298217921012,-11.299891688257894,0.32994420350605225,purifying,false,false,1
258,0.006851446872723225,0.9965742765636384,0.0034257234363616125,7.3115063370685105,-27.21443829619546,3.0899688328048156,0.0023509298217921012,-30.870191464729714,1.2352365929761966,purifying,false,true,1
259,0.30379001415622586,0.15189500707811293,0.8481049929218871,1.0574828217216676,-15.45756585828421,0.0023509298217921012,0.7586596832777367,-15.986307269145044,0.5831207594870006,positive,false,false,1
260,1,0.5,0.5,0,-4.806188413260153,0.0023509298217921012,0.0023509298217921012,-4.806188413260153,0.0023509298217921012,none,false,false,1
261,0.732557479554834,0.366278739777417,0.633721260222583,0.11677632558104172,-23.332367370578822,0.7343694741431408,1.134555887150631,-23.390755533369344,0.9497244153099929,positive,false,false,1
262,1,0.5,0.5,0,-4.087236930353645,0.0023509298217921012,0.0023509298217921012,-4.087236930353645,0.0023509298217921012,none,false,false,1
263,0.30200595974003136,0.15100297987001568,0.8489970201299843,1.0653155997274446,-11.627409241642415,0.0023509298217921012,0.5205268062656913,-12.160067041506137,0.3010134014618975,positive,false,false,1
264,0.3778193881748553,0.18890969408742764,0.8110903059125724,0.7777851216505938,-10.067596790507592,0.0023509298217921012,0.44494877285373563,-10.45648935133289,0.30074797039595835,positive,false,false,1
265,0.407994406795774,0.203997203397887,0.796002796602113,0.6846373954070443,-9.279857605931591,0.0023509298217921012,0.42206433022052803,-9.622176303635113,0.29691285268303036,positive,false,false,1
266,1,0.5,0.5,0,-3.7657511854199712,0.0023509298217921012,0.0023509298217921012,-3.7657511854199712,0.0023509298217921012,none,false,false,1
267,0.9343340869164266,0.4671670434582133,0.5328329565417866,0.006788615620805891,-32.74732645559043,1.5246223543934836,1.6844816659355266,-32.750720763400835,1.653315050611177,positive,false,false,1
268,0.08674314887481975,0.9566284255625901,0.043371574437409875,2.933799013655738,-9.802109400393556,1.2860633355961666,0.0023509298217921012,-11.269008907221425,0.2910900513026095,purifying,false,true,1
269,0.3902536886003352,0.8048731556998324,0.1951268443001676,0.7381514172005945,-27.745398849883937,2.573146688582487,0.8949693403963065,-28.114474558484236,1.2533772085099575,purifying,false,false,1
270,0.19691261116909842,0.9015436944154508,0.09845630558454921,1.6651263035057144,-9.146244086673395,0.7254247614940602,0.0023509298217921012,-9.978807238426251,0.31102176723742575,purifying,false,false,1
271,0.5166116528254221,0.25830582641271105,0.741694173587289,0.42065239122243986,-12.471797587673622,0.0023509298217921012,0.35092669978624197,-12.682123783284842,0.28330493214617913,positive,false,false,1
272,1,0.5,0.5,0,-4.193741412035018,0.0023509298217921012,0.0023509298217921012,-4.193741412035018,0.0023509298217921012,none,false,false,1
273,0.9106868786611649,0.5446565606694176,0.45534343933058247,0.012582588292555985,-27.870601113499575,1.2886360900837126,1.1330255977997745,-27.876892407645855,1.1711122550416222,purifying,false,false,1
274,0.49277176774029585,0.24638588387014793,0.7536141161298521,0.4704683126610571,-11.152109009591943,0.0023509298217921012,0.3804959024360857,-11.387343165922472,0.2962044302763174,positive,false,false,1
275,0.5985566970604602,0.7007216514697698,0.2992783485302301,0.27717815982966715,-23.362644834121706,1.5247871848936656,0.7710204779487411,-23.50123391403654,0.9164302847509169,purifying,false,false,1
276,0.45537314567799986,0.22768657283899993,0.772313427161,0.5572431231902292,-31.836342242998246,0.8048009077125644,1.7574749388427404,-32.11496380459336,1.391756910868996,positive,false,false,1
277,1,0.5,0.5,0,-3.562316265940004,0.0023509298217921012,0.0023509298217921012,-3.562316265940004,0.0023509298217921012,none,false,false,1
278,0.458629297075492,0.770685351462254,0.229314648537746,0.5492377408362172,-16.047332347710945,1.2915148846203746,0.43730844387434725,-16.32195121812905,0.650073747762945,purifying,false,false,1
279,0.857038883041027,0.4285194415205135,0.5714805584794864,0.032452161467351213,-39.80291950689762,1.6026060858783702,1.9466940594201845,-39.8191455876313,1.8869242522757488,positive,false,false,1
280,1,0.5,0.5,0,-3.6035348221152765,0.0023509298217921012,0.0023509298217921012,-3.6035348221152765,0.0023509298217921012,none,false,false,1
281,1,0.5,0.5,0,-3.5495889527788314,0.0023509298217921012,0.0023509298217921012,-3.5495889527788314,0.0023509298217921012,none,false,false,1
282,0.03517635199856459,0.9824118240007177,0.017588175999282293,4.436594127537629,-16.086759700209168,1.6442674894310796,0.0023509298217921012,-18.305056763977984,0.5377999202784075,purifying,false,true,1
283,0.21194276176150076,0.8940286191192496,0.10597138088075038,1.5581060391162778,-33.223223698705745,2.531713607876028,0.8138069117803638,-34.002276718263886,1.354970095114412,purifying,false,false,1
284,0.13216460835731791,0.9339176958213411,0.06608230417865896,2.26689327348978,-9.746261096299934,0.9009330222760091,0.0023509298217921012,-10.879707733044823,0.28719527775071557,purifying,false,false,1
285,0.09719061810103526,0.04859530905051763,0.9514046909494823,2.751049387443713,-21.877622479404316,0.0023509298217921012,1.3588171159435976,-23.253147173126173,0.8660443436543993,positive,true,false,1
286,1,0.5,0.5,0,-4.247976086603406,0.0023509298217921012,0.0023509298217921012,-4.247976086603406,0.0023509298217921012,none,false,false,1
287,0.14036753637630392,0.929816231811848,0.07018376818815196,2.1739253923891426,-32.4241806161821,3.3223333647703623,0.8636993501947997,-33.51114331237667,1.5444993828560338,purifying,false,false,1
288,0.6053522696009158,0.6973238651995421,0.3026761348004579,0.2669985477726884,-16.770924782327292,0.8509770508379996,0.40610031539844954,-16.904424056213635,0.5511272289753721,purifying,false,false,1
289,0.5512317029864116,0.7243841485067942,0.2756158514932058,0.35511515560748264,-21.488462390781923,1.7862626606077299,0.8241124363152573,-21.666019968585665,0.9807799222031726,purifying,false,false,1
290,0.47965453753815224,0.7601727312309239,0.23982726876907612,0.49964859430237857,-16.989458410163177,1.0511043570551752,0.3814812620171522,-17.239282707314366,0.5619097359638571,purifying,false,false,1
291,0.020517445249619983,0.98974127737519,0.010258722624809992,5.367322676133798,-15.65355712372307,2.693323101264871,0.0023509298217921012,-18.33721846178997,0.6799651532292287,purifying,false,true,1
292,0.03372135583040224,0.9831393220847989,0.01686067791520112,4.508776240911994,-17.259523090796787,1.7706827229403597,0.0023509298217921012,-19.513911211252783,0.5713918988425328,purifying,false,true,1
293,1,0.5,0.5,0,-4.3525220152744,0.0023509298217921012,0.0023509298217921012,-4.3525220152744,0.0023509298217921012,none,false,false,1
294,0.9162602508499835,0.45813012542499176,0.5418698745750082,0.011055590702865888,-24.431437614430667,1.1337326723921526,1.2787868646070646,-24.4369654097821,1.241654064484055,positive,false,false,1
295,0.15250350227403,0.923748248862985,0.076251751137015,2.047029391554201,-10.723569436445192,0.8042347109439013,0.0023509298217921012,-11.747084132222293,0.2844730245620723,purifying,false,false,1
296,1,0.5,0.5,0,-3.721096869179387,0.0023509298217921012,0.0023509298217921012,-3.721096869179387,0.0023509298217921012,none,false,false,1
297,0.0383064435855042,0.0191532217927521,0.9808467782072479,4.291362890645324,-24.482380807243544,0.0023509298217921012,2.0820712034707687,-26.628062252566206,1.2391506800467378,positive,true,false,1
298,0.09606472677761098,0.9519676366111945,0.04803236338880549,2.7696905678684915,-27.212084997978746,2.4828198743424057,0.42375948778379147,-28.59693028191299,1.1238087637416618,purifying,false,true,1
299,0.3534980728453263,0.8232509635773368,0.17674903642266315,0.860860266377713,-17.72156844302551,1.5804834345325987,0.40129032114058066,-18.151998576214368,0.6341079640599373,purifying,false,false,1
300,0.33495145154603245,0.16747572577301623,0.8325242742269838,0.9296594238662037,-17.127412472909562,0.0023509298217921012,0.8089990404017401,-17.59224218484266,0.633096118726082,positive,false,false,1
301,0.19485448154134757,0.9025727592293262,0.09742724077067379,1.6805267819193308,-17.530006502203292,1.9235604229739576,0.41689572915073697,-18.370269893162956,0.8760477141325512,purifying,false,false,1
302,1,0.5,0.5,0,-4.312696661012867,0.0023509298217921012,0.0023509298217921012,-4.312696661012867,0.0023509298217921012,none,false,false,1
303,0.12207102157282464,0.9389644892135877,0.06103551078641232,2.3905455490359566,-8.89540223180283,1.0173400579760794,0.0023509298217921012,-10.09067500632081,0.30629501184562125,purifying,false,false,1
304,0.18830807677059655,0.9058459616147018,0.09415403838529827,1.7308054524229703,-10.804740320930945,0.7175541682637362,0.0023509298217921012,-11.67014304714243,0.3002189914333426,purifying,false,false,1
305,1,0.5,0.5,0,-3.6162454380508486,0.0023509298217921012,0.0023509298217921012,-3.6162454380508486,0.0023509298217921012,none,false,false,1
306,0.4959990912983488,0.2479995456491744,0.7520004543508256,0.46348632464168865,-9.564394639440135,0.0023509298217921012,0.46857962887262494,-9.79613780176098,0.38028259054062014,positive,false,false,1
307,0.4948855267916616,0.2474427633958308,0.7525572366041692,0.4658867620583912,-9.414019620398529,0.0023509298217921012,0.397780210169486,-9.646963001427723,0.30899744498423254,positive,false,false,1
308,0.07706182740843893,0.9614690862957805,0.03853091370421947,3.1258043664255526,-9.22591016484197,1.285541699601779,0.0023509298217921012,-10.788812348054746,0.26641003008063996,purifying,false,true,1
309,0.7904723121660046,0.6047638439169978,0.3952361560830023,0.07059509961473887,-21.368319307719318,1.1086793825224872,0.7846403323659703,-21.403616857526686,0.868130722930697,purifying,false,false,1
310,0.4263843257209866,0.2131921628604933,0.7868078371395066,0.6326516457235206,-11.564096075597107,0.0023509298217921012,0.46389676767420307,-11.880421898458867,0.34149473812323006,positive,false,false,1
311,0.5944802634789315,0.7027598682605343,0.29724013173946573,0.28340159288949124,-22.808014724025128,1.5210620389212612,0.7620490064081075,-22.949715520469873,0.9100300790472391,purifying,false,false,1
312,0.044583372133733916,0.022291686066866958,0.9777083139331331,4.034329954805764,-83.02734602789558,2.759256969454495,10.769443747380013,-85.04451100529846,8.618552083988082,positive,true,false,1
313,0.2556926815497979,0.872153659225101,0.12784634077489895,1.2919295462876819,-21.479515033692,1.6969463193092411,0.4356706218023997,-22.12547980683584,0.8680557284784495,purifying,false,false,1
314,1,0.5,0.5,0,-4.2451724153526005,0.0023509298217921012,0.0023509298217921012,-4.2451724153526005,0.0023509298217921012,none,false,false,1
315,0.13291000449650398,0.06645500224825199,0.933544997751748,2.258182075532805,-21.76326195227525,0.0023509298217921012,1.2968720539531398,-22.892352990041655,0.8886114550275223,positive,false,false,1
316,0.2957616085384061,0.14788080426920305,0.852119195730797,1.0932076365034584,-16.98406735422123,0.0023509298217921012,0.9365303248746422,-17.53067117247296,0.7080834206652336,positive,false,false,1
317,0.09025258319156025,0.045126291595780126,0.9548737084042199,2.8698623810114876,-34.65710878820293,0.0023509298217921012,2.390014567883932,-36.09203997870868,1.8307261590667117,positive,true,false,1
318,0.12380898233588447,0.9380955088320577,0.061904491167942235,2.368461918260518,-10.626772826702497,0.9511819310356664,0.0023509298217921012,-11.811003785832757,0.2900412486616633,purifying,false,false,1
319,0.6743833862085182,0.3371916931042591,0.6628083068957409,0.1765173593362794,-25.09651792118054,0.8789571252624565,1.385556365653872,-25.18477660084868,1.227325729824726,positive,false,false,1
320,0.34726198965768157,0.8263690051711592,0.17363099482884078,0.8834372130507352,-17.267063803302573,1.5404670789476669,0.38597176892945056,-17.708782409827943,0.6134626488315579,purifying,false,false,1
321,0.4929267388871396,0.2464633694435698,0.7535366305564302,0.47013129504479045,-9.064523558789661,0.0023509298217921012,0.3810314628005276,-9.299589206312055,0.2966222882370073,positive,false,false,1
322,0.817198102359812,0.591400948820094,0.408599051179906,0.05343044449134332,-18.111917102636777,0.7793810020430806,0.5552822291369207,-18.138632324882447,0.6411328013937398,purifying,false,false,1
323,0.379384832574211,0.1896924162871055,0.8103075837128945,0.7726943235896918,-10.449807877135951,0.0023509298217921012,0.44249793840490426,-10.836155038930798,0.29950813103425816,positive,false,false,1
324,1,0.5,0.5,0,-4.483987739135453,0.0023509298217921012,0.0023509298217921012,-4.483987739135453,0.0023509298217921012,none,false,false,1
325,1,0.5,0.5,0,-3.6162454380508486,0.0023509298217921012,0.0023509298217921012,-3.6162454380508486,0.0023509298217921012,none,false,false,1
326,0.5041949042403512,0.7479025478798245,0.2520974521201756,0.4460956119889872,-17.42102148813184,1.0398164765705438,0.40056234140777125,-17.644069294126332,0.581333081499069,purifying,false,false,1
327,0.14336360381043162,0.07168180190521581,0.9283181980947842,2.1414791759095713,-16.18490690551128,0.0023509298217921012,1.1250809188518043,-17.255646493466063,0.6470629660674897,positive,false,false,1
328,0.1943364187499991,0.09716820937499955,0.9028317906250004,1.6844333276313184,-14.572069830990287,0.0023509298217921012,0.8743432301256089,-15.414286494805946,0.5737482072101865,positive,false,false,1
329,0.14793770574638035,0.07396885287319017,0.9260311471268098,2.093387704042608,-21.98268940424506,0.0023509298217921012,1.2982820155439938,-23.029383256266367,0.9116410872822364,positive,false,false,1
330,0.07250703640507979,0.03625351820253989,0.9637464817974601,3.2253331649011687,-25.674353291722486,0.0023509298217921012,2.0654133034612165,-27.28701987417307,1.511776007873302,positive,true,false,1
331,0.8905825704629999,0.5547087147685,0.44529128523149997,0.0189246971568201,-30.32242614186086,1.6430154701650144,1.4295421231923258,-30.33188849043927,1.5161031688927904,purifying,false,false,1
332,0.14184700802848643,0.9290764959857568,0.07092350401424322,2.1578070200236947,-28.759919409040755,2.976226653613479,0.7882362651419763,-29.838822919052603,1.391208522289146,purifying,false,false,1
333,1,0.5,0.5,0,-4.806188413260153,0.0023509298217921012,0.0023509298217921012,-4.806188413260153,0.0023509298217921012,none,false,false,1
334,0.036756621403538456,0.018378310701769228,0.9816216892982308,4.361652896851202,-36.36302964327068,0.0023509298217921012,2.8304866786339615,-38.543856091696284,1.9666319178572174,positive,true,false,1
335,0.5289002241111932,0.7355498879444033,0.2644501120555966,0.3965040293822989,-15.449257969964313,1.0207127998101246,0.41697838015833427,-15.647509984655462,0.5965617528054932,purifying,false,false,1
336,1,0.5,0.5,0,-3.914439006825542,0.0023509298217921012,0.0023509298217921012,-3.914439006825542,0.0023509298217921012,none,false,false,1
337,0.06134149114044954,0.03067074557022477,0.9693292544297752,3.5007377923671137,-58.29520549923486,1.0157246262923678,5.138042440171293,-60.04557439541842,3.8723894891957973,positive,true,false,1
338,0.09315283484398094,0.9534235825780095,0.04657641742199047,2.8190273086146336,-9.514548445111854,1.222387556892586,0.0023509298217921012,-10.92406209941917,0.29167333176938826,purifying,false,true,1
339,1,0.5,0.5,0,-4.449384918454019,0.0023509298217921012,0.0023509298217921012,-4.449384918454019,0.0023509298217921012,none,false,false,1
340,0.15700989968637127,0.07850494984318564,0.9214950501568143,2.0027907502579225,-26.426505040707966,0.0023509298217921012,1.5231165593754805,-27.427900415836927,1.195741938474596,positive,false,false,1
341,0.5337142202001942,0.2668571101000971,0.7331428898999028,0.387314763068765,-34.195568929724935,1.0749527870348383,2.0257232928462225,-34.389226311259314,1.7946064662443368,positive,false,false,1
342,0.3930650267940505,0.8034674866029747,0.19653251339702524,0.7294391928009277,-16.326136800724033,1.2922370932691152,0.3715927145625309,-16.690856397124495,0.5779342328776572,purifying,false,false,1
343,0.4337650696375194,0.2168825348187597,0.7831174651812403,0.6127211515718041,-15.275532068198208,0.0023509298217921012,0.6644690827538939,-15.58189264398411,0.5800008351101293,positive,false,false,1
344,0.62062833886962,0.6896858305651901,0.31031416943481,0.24498536579204944,-36.63512459553371,3.9621658905218013,1.7277645442782088,-36.75761727842974,1.8538566241024832,purifying,false,false,1
345,0.07710063439506018,0.9614496828024699,0.03855031719753009,3.1249837826511815,-9.43393302625701,1.2847957339678797,0.0023509298217921012,-10.996424917582601,0.26634252868185654,purifying,false,true,1
346,1,0.5,0.5,0,-4.3525220152744,0.0023509298217921012,0.0023509298217921012,-4.3525220152744,0.0023509298217921012,none,false,false,1
347,0.5901899845808457,0.29509499229042285,0.7049050077095771,0.2900475948628767,-53.37831961899427,2.6380891044054655,3.974054742949383,-53.5233434164257,3.6821998627100645,positive,false,false,1
348,0.38866938301151027,0.8056653084942449,0.19433469150575514,0.7431008157622261,-26.462622338272535,2.0779408317608614,0.8758591317212246,-26.834172746153648,1.2426382429279088,purifying,false,false,1
349,0.40095310707264487,0.20047655353632243,0.7995234464636776,0.7054660019327245,-9.856283517727354,0.0023509298217921012,0.40243754786661273,-10.209016518693716,0.2807091860374947,positive,false,false,1
350,0.9552139089558684,0.4776069544779342,0.5223930455220658,0.00315399554794929,-36.71650686019533,1.698756466763446,1.7821500820781886,-36.718083857969305,1.7538308927182111,positive,false,false,1
351,0.14470605809393558,0.9276469709530322,0.07235302904696779,2.127187515341725,-10.11580435564787,0.7987277742462255,0.0023509298217921012,-11.179398113318731,0.272173802519288,purifying,false,false,1
352,1,0.5,0.5,0,-3.9244642540404526,0.0023509298217921012,0.0023509298217921012,-3.9244642540404526,0.0023509298217921012,none,false,false,1
353,0.033700494659677754,0.9831497526701611,0.016850247329838877,4.5098346820557085,-14.598733628276616,1.9067199596435633,0.0023509298217921012,-16.85365096930447,0.6135304035841604,purifying,false,true,1
354,0.06257422091179578,0.9687128895441021,0.03128711045589789,3.4678067827302117,-14.866656847390217,1.543547746348615,0.0023509298217921012,-16.600560238755325,0.6404557509809553,purifying,false,true,1
355,0.4171734205226571,0.20858671026132855,0.7914132897386714,0.6582641602338778,-35.0897856234046,0.9491961046410237,2.1957200781609516,-35.418917703521544,1.8168255193575606,positive,false,false,1
356,0.9611791963776839,0.519410401811158,0.48058959818884195,0.002369136061448951,-19.163912952806623,0.6051901394266717,0.565881712213651,-19.165097520837346,0.585312232848654,purifying,false,false,1
357,1,0.5,0.5,0,-3.5495889527788314,0.0023509298217921012,0.0023509298217921012,-3.5495889527788314,0.0023509298217921012,none,false,false,1
358,0.8585215930276582,0.4292607965138291,0.5707392034861709,0.03177536305215744,-28.566760370744213,1.027110677304115,1.27548653810892,-28.582648052270294,1.213375644555028,positive,false,false,1
359,0.060941986242005836,0.9695290068789971,0.030470993121002918,3.5115615245106335,-25.636149788696418,3.2077792074976057,0.4328348234125331,-27.391930550951734,1.2463152307276504,purifying,false,true,1
360,0.5226642420763662,0.7386678789618168,0.2613321210381831,0.40863275128086973,-24.951009863457333,1.6235027668188595,0.8506417262572348,-25.155326239097768,1.1152591491548576,purifying,false,false,1
361,0.8259193613229888,0.4129596806614944,0.5870403193385056,0.048372787764947356,-26.631586736204564,0.9577115891813388,1.2360794237086823,-26.655773130087038,1.1605536685820625,positive,false,false,1
362,1,0.5,0.5,0,-3.7657511854199712,0.0023509298217921012,0.0023509298217921012,-3.7657511854199712,0.0023509298217921012,none,false,false,1
363,0.11769256702978069,0.9411537164851097,0.058846283514890345,2.4477619279335214,-9.679957795491019,0.9895202726043641,0.0023509298217921012,-10.90383875945778,0.29246487138387267,purifying,false,false,1
364,0.05493514375358855,0.9725324281232057,0.027467571876794276,3.6840533345094886,-26.46485162084031,3.432410982506602,0.4432894278142924,-28.306878288095053,1.2851121334732172,purifying,false,true,1
365,0.05017607225280972,0.9749119638735951,0.02508803612640486,3.8355650246798034,-16.374428334609142,1.785350353981912,0.0023509298217921012,-18.292210846949043,0.6661686584169227,purifying,false,true,1
366,0.000410693444787312,0.9997946532776063,0.000205346722393656,12.482903297359506,-19.64541476871272,5.69295576653084,0.0023509298217921012,-25.886866417392472,1.1589004139433003,purifying,false,true,1
367,1,0.5,0.5,0,-3.9777261035389855,0.0023509298217921012,0.0023509298217921012,-3.9777261035389855,0.0023509298217921012,none,false,false,1
368,1,0.5,0.5,0,-3.9063166034109202,0.0023509298217921012,0.0023509298217921012,-3.9063166034109202,0.0023509298217921012,none,false,false,1
369,1,0.5,0.5,0,-4.806188413260153,0.0023509298217921012,0.0023509298217921012,-4.806188413260153,0.0023509298217921012,none,false,false,1
370,0.40297860003589836,0.20148930001794918,0.7985106999820508,0.6994201388579961,-17.337980974800107,0.0023509298217921012,0.6565777363325379,-17.687691044229105,0.5599496045254044,positive,false,false,1
371,0.2591419983234736,0.8704290008382631,0.1295709991617368,1.2733349278791775,-23.472939207400096,1.6249026959913577,0.424321634811433,-24.109606671339684,0.8400553058624529,purifying,false,false,1
372,0.2777266494227863,0.8611366752886068,0.13886332471139315,1.1781809379932406,-21.400291308028226,2.8610465440057253,0.8237615631363376,-21.989381777024846,1.1737336460388077,purifying,false,false,1
373,0.4378551980569304,0.7810724009715349,0.2189275990284652,0.6018968280373271,-26.57473711999165,1.9633293045509448,0.8977153500218152,-26.875685534010312,1.241955800703356,purifying,false,false,1
374,1,0.5,0.5,0,-4.899222414994063,0.0023509298217921012,0.0023509298217921012,-4.899222414994063,0.0023509298217921012,none,false,false,1
375,0.5120247424629746,0.2560123712314873,0.7439876287685128,0.42992697704956495,-9.213687975164186,0.0023509298217921012,0.3656755238996719,-9.428651463688968,0.2915703426004946,positive,false,false,1
376,0.1472507140047967,0.9263746429976016,0.07362535700239835,2.1005027907424574,-11.453220534146556,0.7924822375124382,0.0023509298217921012,-12.503471929517785,0.2737018893818624,purifying,false,false,1
377,1,0.5,0.5,0,-3.73382418234056,0.0023509298217921012,0.0023509298217921012,-3.73382418234056,0.0023509298217921012,none,false,false,1
378,0.07378909494732983,0.9631054525263351,0.03689454747366491,3.1966538512736182,-10.367549305572815,1.5287432718587595,0.0023509298217921012,-11.965876231209624,0.30154164616694,purifying,false,true,1
379,0.011720406200982855,0.9941397968995086,0.005860203100491427,6.352680617485761,-12.315659366122118,2.9595535990864064,0.0023509298217921012,-15.491999674865,0.6053772085424157,purifying,false,true,1
380,0.012297419071274103,0.006148709535637052,0.9938512904643629,6.267475981756676,-61.545343754662504,0.0023509298217921012,5.873998820276234,-64.67908174554084,4.665257823137538,positive,true,false,1
381,0.9622434748021199,0.5188782625989401,0.48112173740105996,0.0022409202568372533,-20.633150746484276,0.9061804957234487,0.8575401957581931,-20.634271206612695,0.873532103015517,purifying,false,false,1
382,0.9474597592292714,0.4737298796146357,0.5262701203853644,0.004342412749480912,-36.6447479128735,1.637445743134541,1.7350831899855934,-36.64691911924824,1.7023511357976189,positive,false,false,1
383,0.33560950202732936,0.16780475101366468,0.8321952489863353,0.9271312090056827,-41.471767612784824,1.0880404949690543,3.555564656758487,-41.93533321728766,2.6433717188811485,positive,false,false,1
384,0.21650627922984883,0.10825313961492442,0.8917468603850756,1.5273788114876012,-15.191794667069916,0.0023509298217921012,0.8260322697227797,-15.955484072813716,0.5625487157023517,positive,false,false,1
385,0.46658020400523936,0.7667098979973803,0.23329010200261968,0.5300633436075395,-30.260935465644174,2.431052363023089,1.218216228819633,-30.525967137447946,1.4997499973669268,purifying,false,false,1
386,0.4372583228318273,0.21862916141591365,0.7813708385840863,0.6034667867332788,-9.148232583193698,0.0023509298217921012,0.4008703122177189,-9.449965976560337,0.2928941724907404,positive,false,false,1
387,0.9231499757164816,0.4615749878582408,0.5384250121417592,0.00930579645732621,-39.62738687062374,2.1231100313057873,2.3257719666892287,-39.6320397688524,2.2692800298970934,positive,false,false,1
388,0.040196856622861155,0.020098428311430577,0.9799015716885694,4.209555867938373,-31.234503094805234,0.0023509298217921012,2.042638831020082,-33.33928102877442,1.347951807349099,positive,true,false,1
389,0.7872956233101154,0.3936478116550577,0.6063521883449423,0.0728050383799949,-26.043400008994464,0.9487405706952071,1.290593784340694,-26.07980252818446,1.196221051620839,positive,false,false,1
390,0.13647591655811078,0.9317620417209446,0.06823795827905539,2.217250539970333,-30.268687119077082,3.310539959154981,0.8484660716792175,-31.377312389062247,1.5150292974495991,purifying,false,false,1
391,0.6486787231565182,0.675660638421741,0.3243393615782591,0.20756994826157277,-49.37872943405925,4.3135667610840285,2.948486896597574,-49.48251440819004,3.2899697878234475,purifying,false,false,1
392,0.001727319212681122,0.9991363403936594,0.000863659606340561,9.818854256284851,-19.74571408837807,3.8990486933377495,0.0023509298217921012,-24.655141216520494,1.1394738847495713,purifying,false,true,1
393,0.11622682815646941,0.9418865859217653,0.058113414078234706,2.46744350628296,-8.849052453779771,1.016801371730577,0.0023509298217921012,-10.082774206921252,0.29595129571687295,purifying,false,false,1
394,0.23861794644423837,0.11930897322211918,0.8806910267778808,1.3887404061226492,-15.025469477632209,0.0023509298217921012,0.8328037544766249,-15.719839680693534,0.585880243467456,positive,false,false,1
395,1,0.5,0.5,0,-4.5164381711276285,0.0023509298217921012,0.0023509298217921012,-4.5164381711276285,0.0023509298217921012,none,false,false,1
396,0.07795237238492707,0.038976186192463534,0.9610238138075364,3.107084631011812,-34.44048619036014,0.0023509298217921012,2.361452784592693,-35.99402850586605,1.7256474380412272,positive,true,false,1
397,0.48675066208593015,0.24337533104296508,0.756624668957035,0.4837009706807652,-67.41352180490141,3.9475256879484246,5.8859834441282635,-67.65537229024179,5.3344317560816,positive,false,false,1
398,0.529161445001524,0.264580722500762,0.7354192774992381,0.39600153725989723,-11.485489508931112,0.0023509298217921012,0.41275869465922704,-11.68349027756106,0.3346160887226537,positive,false,false,1
399,1,0.5,0.5,0,-3.7657511854199712,0.0023509298217921012,0.0023509298217921012,-3.7657511854199712,0.0023509298217921012,none,false,false,1
400,1,0.5,0.5,0,-4.547565693907451,0.0023509298217921012,0.0023509298217921012,-4.547565693907451,0.0023509298217921012,none,false,false,1
401,0.12330308285312618,0.938348458573437,0.06165154142656309,2.3748545363886375,-11.294360762069324,0.9456450309249734,0.0023509298217921012,-12.481788030263642,0.2874172856165364,purifying,false,false,1
402,0.45216126016864977,0.22608063008432489,0.7739193699156751,0.5652283919183491,-10.372526298579421,0.0023509298217921012,0.3922740367322492,-10.655140494538596,0.2919130981295459,positive,false,false,1
403,1,0.5,0.5,0,-4.105079078525601,0.0023509298217921012,0.0023509298217921012,-4.105079078525601,0.0023509298217921012,none,false,false,1
404,0.12293400257404036,0.9385329987129798,0.06146700128702018,2.3795366764957864,-10.740097998557129,0.9873145761206441,0.0023509298217921012,-11.929866336805022,0.2998250042895848,purifying,false,false,1
405,0.016733964413979934,0.008366982206989967,0.99163301779301,5.724062804668698,-54.550651200557674,0.0023509298217921012,3.9732972060748044,-57.412682602892026,2.92768409898433,positive,true,false,1
406,0.0040455614682532535,0.0020227807341266267,0.9979772192658733,8.263251110678402,-43.09342448423801,0.0023509298217921012,4.392948149256153,-47.22505003957721,2.748871349144552,positive,true,false,1
407,0.502286216720624,0.251143108360312,0.748856891639688,0.4501025618993199,-11.741496250356281,0.0023509298217921012,0.384204264595346,-11.966547531305942,0.30151304109871574,positive,false,false,1
408,0.272677337178447,0.8636613314107765,0.1363386685892235,1.2032286969693686,-22.230536728126417,2.9126898481689807,0.6491632834226085,-22.8321510766111,0.8866165241878129,purifying,false,false,1
409,1,0.5,0.5,0,-3.893605987475355,0.0023509298217921012,0.0023509298217921012,-3.893605987475355,0.0023509298217921012,none,false,false,1
410,0.015848826380558647,0.9920755868097206,0.007924413190279323,5.81956906790623,-13.090842493249479,3.1568253841625293,0.0023509298217921012,-16.000627027202594,0.7076531052205027,purifying,false,true,1
411,1,0.5,0.5,0,-3.7844384518323464,0.0023509298217921012,0.0023509298217921012,-3.7844384518323464,0.0023509298217921012,none,false,false,1
412,0.05567339821665238,0.02783669910832619,0.9721633008916738,3.66180157744879,-28.518289659187644,0.0023509298217921012,2.0664884170929234,-30.34919044791204,1.4250357711934392,positive,true,false,1
413,0.22928142872142585,0.8853592856392871,0.11464071436071292,1.4453136186646234,-20.406666546110937,1.7744845237346605,0.42594952192174246,-21.12932335544325,0.8673211498334191,purifying,false,false,1
414,0.8619572106629838,0.5690213946685081,0.4309786053314919,0.030235393371867494,-39.6247828135984,1.9449225724577526,1.680875770197658,-39.639900510284335,1.7659938657438883,purifying,false,false,1
415,0.5053653016042389,0.25268265080211944,0.7473173491978806,0.443651370328128,-11.641850733870882,0.0023509298217921012,0.38377565437358385,-11.863676419034947,0.3020735741045729,positive,false,false,1
416,0.12689872507913927,0.9365506374604303,0.06344936253956963,2.3300386712620322,-9.265339878670302,0.9381824824113212,0.0023509298217921012,-10.430359214301317,0.290868328698722,purifying,false,false,1
417,0.29542373357701984,0.14771186678850992,0.8522881332114901,1.0947383800535813,-16.18457279779237,0.0023509298217921012,0.8029690843391047,-16.73194198781916,0.6065450360119015,positive,false,false,1
418,0.94191040925222,0.47095520462611,0.5290447953738899,0.005309868416453228,-47.12368808220348,2.254928050606165,2.4020862202641404,-47.12634301641171,2.3655480585504947,positive,false,false,1
419,0.032550462031992744,0.016275231015996372,0.9837247689840036,4.569268324996037,-56.91241257436327,0.8568870648128889,5.47344434953466,-59.197046736861296,3.7821723523947504,positive,true,false,1
420,1,0.5,0.5,0,-4.312696661012867,0.0023509298217921012,0.0023509298217921012,-4.312696661012867,0.0023509298217921012,none,false,false,1
421,0.22575989617111902,0.8871200519144404,0.11287994808555951,1.4673777554054643,-28.324482996557673,1.906684250669323,0.4507602633973416,-29.058171874260406,0.920781897610424,purifying,false,false,1
422,0.22726181623924946,0.11363090811962473,0.8863690918803753,1.4579172380191054,-20.78235531141182,0.0023509298217921012,1.2452290156054548,-21.511313930421373,0.9595086200053982,positive,false,false,1
423,1,0.5,0.5,0,-4.727397316536078,0.0023509298217921012,0.0023509298217921012,-4.727397316536078,0.0023509298217921012,none,false,false,1
424,0.3146089559786871,0.15730447798934355,0.8426955220106565,1.0112275283753769,-16.27245783739351,0.0023509298217921012,0.7388465218892536,-16.7780716015812,0.5774204976573438,positive,false,false,1
425,0.8916095042789371,0.4458047521394686,0.5541952478605314,0.018568932710600707,-35.436227461022916,1.3659037236360236,1.5901447925871315,-35.44551192737821,1.5356195142439064,positive,false,false,1
426,0.4463625244884193,0.22318126224420964,0.7768187377557904,0.5798718821467256,-9.63363540942769,0.0023509298217921012,0.4258619856524062,-9.923571350501053,0.31386012576955846,positive,false,false,1
427,0.8597743074242759,0.5701128462878621,0.4298871537121379,0.031209281911463015,-19.104401177630393,1.0674403213842985,0.8509486092794596,-19.120005818586122,0.9080269515268045,purifying,false,false,1
428,0.36290729002457994,0.18145364501228997,0.81854635498771,0.8278074893212495,-46.86248258324951,1.1649330097436723,2.8502033821784662,-47.27638632791014,2.458080122293921,positive,false,false,1
429,0.6401957979325344,0.6799021010337327,0.3200978989662672,0.2184861364040632,-28.93210425812582,1.7936094968951453,0.9907546901413449,-29.04134732632785,1.1414346102817865,purifying,false,false,1
430,0.21285818038687812,0.10642909019343906,0.893570909806561,1.551879659289413,-50.06427725414258,1.3709035984925133,4.541381387349376,-50.84021708378729,3.728036658473686,positive,false,false,1
431,1,0.5,0.5,0,-3.901711693664364,0.0023509298217921012,0.0023509298217921012,-3.901711693664364,0.0023509298217921012,none,false,false,1
432,1,0.5,0.5,0,-3.6162454380508486,0.0023509298217921012,0.0023509298217921012,-3.6162454380508486,0.0023509298217921012,none,false,false,1
433,0.5038549994429107,0.7480725002785447,0.25192749972145534,0.44680728437765777,-25.40431223992673,1.6603155733619883,0.8437064397900982,-25.627715882115556,1.1173619742797265,purifying,false,false,1
434,0.9028166306716883,0.5485916846641559,0.45140831533584413,0.01490938409983365,-54.14940312537621,3.2034588225381957,2.914646109500808,-54.15685781742612,2.9919623911172915,purifying,false,false,1
435,0.054475566041747,0.0272377830208735,0.9727622169791265,3.6980661796509087,-40.68551550835751,0.0023509298217921012,2.5540945313713506,-42.534548598182965,1.8629816278406928,positive,true,false,1
436,0.3188417086574176,0.1594208543287088,0.8405791456712912,0.9936919779232208,-17.746342862651584,0.0023509298217921012,0.8120031527829981,-18.243188851613194,0.6262786053818835,positive,false,false,1
437,0.09350294169397878,0.9532485291530106,0.04675147084698939,2.8130072847925254,-18.048741736408914,2.8729421587678305,0.39247100515161865,-19.455245378805177,0.9193310574567046,purifying,false,true,1
438,0.06076611465278313,0.030383057326391565,0.9696169426736084,3.5163503546509087,-24.990829222820825,0.0023509298217921012,1.7664584436728985,-26.74900440014628,1.1367073909070688,positive,true,false,1
439,0.013029813324002729,0.9934850933379986,0.006514906662001364,6.165057461853024,-12.503998663906852,2.887620774634964,0.0023509298217921012,-15.586527394833364,0.6176152519385455,purifying,false,true,1
440,0.6601341451178744,0.3300670725589372,0.6699329274410628,0.19336064800357436,-66.13782112227562,3.9254485470728904,5.089473568958293,-66.23450144627742,4.725890470585419,positive,false,false,1
441,0.48259865966311655,0.24129932983155827,0.7587006701684418,0.49298519546929254,-10.221223864520539,0.0023509298217921012,0.39610626319283754,-10.467716462255185,0.30412179212852547,positive,false,false,1
442,0.023950283816280855,0.9880248580918596,0.011975141908140427,5.098228911664684,-15.06787237520559,2.183487038147231,0.0023509298217921012,-17.61698683103793,0.6060030409795485,purifying,false,true,1
443,0.32673450061259396,0.836632749693703,0.16336725030629698,0.9617972102707549,-15.610511019605347,1.6352555479099566,0.3805652129354379,-16.091409624740724,0.6134877676166463,purifying,false,false,1
444,0.7055901633168219,0.6472049183415891,0.35279508165841095,0.1427216564348192,-62.49856280978659,5.265954912432862,3.8548471700156046,-62.569923638004,4.012698842102003,purifying,false,false,1
445,0.9011557541890214,0.4505778770945107,0.5494221229054893,0.015425997047850387,-10.298897363338137,0.0023509298217921012,0.30252063460922457,-10.306610361862063,0.30045558142439394,positive,false,false,1
446,0.20748702873453462,0.10374351436726731,0.8962564856327326,1.5888744606993592,-15.701479021925744,0.0023509298217921012,0.916474685935225,-16.495916252275425,0.6166928731236735,positive,false,false,1
447,0.13493686156685983,0.9325315692165701,0.06746843078342991,2.2347681887272097,-10.003152606025699,0.8333264580701687,0.0023509298217921012,-11.120536700389303,0.2695098663731223,purifying,false,false,1
448,0.4294909841958162,0.2147454920979081,0.7852545079020918,0.624199488123284,-11.327648502166616,0.0023509298217921012,0.45763763737717533,-11.639748246228258,0.336342716211083,positive,false,false,1
449,0.55097643386252,0.72451178306874,0.27548821693126,0.35557074524340954,-14.8508238165944,1.0425408961732119,0.44070354916228616,-15.028609189216104,0.6233294860220344,purifying,false,false,1
450,0.19824663331047784,0.9008766833447611,0.09912331665523892,1.6552445404589284,-23.915598012879,2.0861964001203446,0.4547769141869548,-24.743220283108464,0.9529745079058839,purifying,false,false,1
451,0.1979122462579475,0.9010438768710263,0.09895612312897376,1.6577141720339463,-10.268109074067084,0.7189508759995417,0.0023509298217921012,-11.096966160084056,0.3102730960708645,purifying,false,false,1
452,0.38878804360291275,0.19439402180145637,0.8056059781985436,0.7427291196208358,-11.07293442450714,0.0023509298217921012,0.4252957968160144,-11.444298984317557,0.29167170312428803,positive,false,false,1
453,0.058364735743278,0.029182367871639,0.970817632128361,3.583253401499612,-32.20137976051321,0.0023509298217921012,2.4698116618752914,-33.99300646126302,1.8198579973786777,positive,true,false,1
454,0.15375830391874187,0.9231208480406291,0.07687915195937094,2.034563703962973,-9.601608039447061,0.7967686220768342,0.0023509298217921012,-10.618889891428548,0.2835288507372353,purifying,false,false,1
455,0.6273959829574208,0.6863020085212896,0.3136979914787104,0.23560851729504007,-20.938989053311627,1.4976386859627846,0.8079979237362523,-21.056793311959147,0.9424505660233212,purifying,false,false,1
456,0.20904861776684647,0.10452430888342323,0.8954756911165768,1.5780028290318882,-18.34294456622213,0.0023509298217921012,1.159358936156821,-19.131945980738074,0.8842839206741387,positive,false,false,1
457,0.22840979138112832,0.11420489569056416,0.8857951043094359,1.4507367227209709,-27.091519107687834,0.0023509298217921012,1.3494814841014033,-27.816887469048318,1.138361125052521,positive,false,false,1
458,0.10564886435858478,0.05282443217929239,0.9471755678207077,2.618130193684024,-30.973682371403324,0.0023509298217921012,2.1672556248440804,-32.28274746824533,1.6873975699165737,positive,false,false,1
459,1,0.5,0.5,0,-4.3525220152744,0.0023509298217921012,0.0023509298217921012,-4.3525220152744,0.0023509298217921012,none,false,false,1
460,0.37872322009030546,0.18936161004515273,0.8106383899548473,0.7748422563289126,-14.401996852012653,0.0023509298217921012,0.8015878743319815,-14.78941798017711,0.6493722345503803,positive,false,false,1
461,0.6873441512055205,0.6563279243972397,0.34367207560276025,0.1619755314899039,-21.388950249113652,1.301538708967569,0.7769795561052416,-21.469938014858602,0.8948073468501249,purifying,false,false,1
462,1,0.5,0.5,0,-3.9777261035389855,0.0023509298217921012,0.0023509298217921012,-3.9777261035389855,0.0023509298217921012,none,false,false,1
463,0.149092926578038,0.074546463289019,0.925453536710981,2.0815069399113764,-46.451767142901836,0.9600341697348183,3.6591436707206393,-47.492520612857525,2.76631607617606,positive,false,false,1
464,0.11513932883261625,0.9424303355836918,0.057569664416308126,2.4822241367919196,-11.028905668702075,1.0310739738560346,0.0023509298217921012,-12.270017737098035,0.29639687299872913,purifying,false,false,1
465,0.31254360349239413,0.15627180174619706,0.843728198253803,1.0198963857075682,-14.757240926622655,0.0023509298217921012,0.7381564855483393,-15.26718911947644,0.5758238324672255,positive,false,false,1
466,1,0.5,0.5,0,-4.043095037618925,0.0023509298217921012,0.0023509298217921012,-4.043095037618925,0.0023509298217921012,none,false,false,1
467,1,0.5,0.5,0,-3.6035348221152765,0.0023509298217921012,0.0023509298217921012,-3.6035348221152765,0.0023509298217921012,none,false,false,1
468,0.14435854971750647,0.9278207251412468,0.07217927485875324,2.1308726969632517,-11.09021107427031,0.8440666134737065,0.0023509298217921012,-12.155647422751937,0.2861553010008002,purifying,false,false,1
469,1,0.5,0.5,0,-4.043095037618925,0.0023509298217921012,0.0023509298217921012,-4.043095037618925,0.0023509298217921012,none,false,false,1
470,0.3283015344241226,0.8358492327879388,0.1641507672120613,0.9555858898536059,-29.22457224873094,2.665635528195966,1.0112475791420263,-29.70236519365774,1.3524143755630544,purifying,false,false,1
471,1,0.5,0.5,0,-4.181014098873844,0.0023509298217921012,0.0023509298217921012,-4.181014098873844,0.0023509298217921012,none,false,false,1
472,0.20654932654615155,0.10327466327307577,0.8967253367269242,1.5954492417229005,-16.047954712767847,0.0023509298217921012,0.806418130806265,-16.845679333629295,0.5383887254231217,positive,false,false,1
473,0.07266818397282152,0.9636659080135892,0.03633409198641076,3.2216985697109335,-8.767445193310655,1.9212693223154849,0.0023509298217921012,-10.378294478166122,0.38165020189743876,purifying,false,true,1
474,0.473488748513114,0.763255625743443,0.236744374256557,0.5138225326711215,-26.752698658570647,1.9173654954088724,0.9247270484469192,-27.009609924906208,1.2578192690455827,purifying,false,false,1
475,0.8536521173422984,0.5731739413288508,0.4268260586711492,0.03402573000315209,-18.192743608728275,0.7359264311842815,0.5634764132703881,-18.20975647372985,0.6342600094260801,purifying,false,false,1
476,0.1035322903597304,0.0517661451798652,0.9482338548201348,2.6502702627722727,-17.803520190552316,0.0023509298217921012,1.3043276189441535,-19.128655321938453,0.8424307331294679,positive,false,false,1
477,0.08164134509512908,0.04082067254756454,0.9591793274524355,3.031920098262065,-34.854877076898646,0.0023509298217921012,2.607687520677598,-36.37083712602968,2.007063349714579,positive,true,false,1
478,0.001146668940752309,0.9994266655296239,0.0005733344703761545,10.574361182187335,-22.887915887084272,4.200795278047763,0.0023509298217921012,-28.17509647817794,1.4284225995353286,purifying,false,true,1
479,0.4966361122035207,0.24831805610176036,0.7516819438982396,0.46211721820096174,-11.515291337311357,0.0023509298217921012,0.38020599846037906,-11.746349946411838,0.2971057404562134,positive,false,false,1
480,0.7055501833461196,0.3527750916730598,0.6472249083269401,0.14276231986949972,-23.248815082197495,0.0023509298217921012,1.4350906296380292,-23.320196242132248,1.4072157352680963,positive,false,false,1
