Codon Sites,P(beta > alpha),P(alpha > beta),mean(alpha),mean(beta),positive_selected,purifying_selected,selection
1,0.531947060506782,0.23643948914577004,1.7579523030881694,2.188227624344045,false,false,none
2,0.8022172109070302,0.12214201805024688,0.3437470115495311,0.9156226453752051,false,false,none
3,0.2506280336721878,0.6649255574413804,0.52650731081257,0.1735772542916147,false,false,none
4,0.730285287528417,0.1776335753116084,0.4622494300455881,0.9405144934100186,false,false,none
5,0.39648328965013463,0.43283701585696555,1.0679427695770203,1.0279328342475451,false,false,none
6,0.6990507474536801,0.11502999645268239,1.6702240160570236,2.680196483266849,false,false,none
7,0.6578063404591943,0.23756965268598404,0.5893419769021953,0.9446776778619103,false,false,none
8,0.7340491612941737,0.15424742510285827,0.8576136486266945,1.6912170837770752,false,false,none
9,0.1635131107016021,0.7358765560824442,1.1189734963273548,0.5238629560733067,false,false,none
10,0.460125391895962,0.44440050191709163,0.4827938206738502,0.37229121751947847,false,false,none
11,0.32434481257743775,0.578304210174479,0.37610525497146047,0.1916884774450288,false,false,none
12,0.5982595993675343,0.3013406169938319,0.5112189529767036,0.6569229206752191,false,false,none
13,0.0364107512506756,0.9147600505619071,2.0002200573930176,0.5053507998649717,false,false,none
14,0.06574572580376509,0.88904926605818,0.8491842105979698,0.17344941157198193,false,false,none
15,0.12134072656978799,0.7969225387986009,1.2019659345335132,0.4510621111700714,false,false,none
16,0.6340090292652182,0.25888176086279685,0.6148705488497346,0.9106774078293816,false,false,none
17,0.117125111863825,0.8015480591754205,1.2741101054190835,0.47005162898124214,false,false,none
18,0.005632316013113273,0.9831036935614597,1.7729324469929257,0.2040077012646565,false,true,purifying
19,0.6690779138977929,0.23538949280011368,0.47258441446691934,0.7943729409712491,false,false,none
20,0.8974590694068914,0.04322117057018554,0.6076325742844693,2.3354391470583917,false,false,none
21,0.32434481257743775,0.578304210174479,0.37610525497146047,0.1916884774450288,false,false,none
22,0.39905456357916486,0.34067671362693686,2.1380994800759137,2.2124394826225124,false,false,none
23,0.007746519171898495,0.9807198123625048,2.1087829853035984,0.19183099173803683,false,true,purifying
24,0.6812980801919232,0.21934167452161782,0.5071477201646208,0.8617474793499803,false,false,none
25,0.2898489810859599,0.557866794433096,1.1967974701308415,0.9206720612576784,false,false,none
26,0.25977305273245666,0.6554219749604302,0.5323952124671234,0.1876048691937266,false,false,none
27,0.32434481257743775,0.578304210174479,0.37610525497146047,0.1916884774450288,false,false,none
28,0.4446673436452723,0.4603380511977151,0.5795284703857447,0.4388526705064524,false,false,none
29,0.24898707049795227,0.666288797458716,0.5192394934357816,0.16870204545606848,false,false,none
30,0.04003886970582263,0.9286019839778779,1.2709451852615887,0.19151709863265612,false,false,none
31,0.006472475005627575,0.9752479977639451,2.3884825510695435,0.4496159186538475,false,true,purifying
32,0.6227304711367644,0.19182127944118896,1.5036135302405766,2.1630260892296493,false,false,none
33,0.18677451418180502,0.6148917064884085,1.9340483818314906,1.362021174917691,false,false,none
34,0.1384058984575587,0.8072993047307236,2.185518466297585,0.14494708744821191,false,false,none
35,0.042427004784398765,0.9246797907160458,1.258362274562029,0.19828748409854138,false,false,none
36,0.5422913113090779,0.36054478594589,0.3840874485865493,0.4039401495525662,false,false,none
37,0.7244372201054627,0.17400493210909246,0.611866345499577,1.2211859847636581,false,false,none
38,0.650821201192948,0.25810016219440035,0.3072459137500899,0.5000735374346125,false,false,none
39,0.11938707786386196,0.7996375127813431,1.2531213182481564,0.46630655971294965,false,false,none
40,0.32104906460755545,0.5169503926144904,1.1907436179549988,0.9587564000688293,false,false,none
41,0.01110325132785141,0.9692997728596451,1.8296064768367926,0.2730925923781204,false,true,purifying
42,0.10991816839489757,0.8261870473221445,0.765231127665406,0.23221734608447253,false,false,none
43,0.05872020087522359,0.8748893193513199,1.3318539965943337,0.44652917446651724,false,false,none
44,0.2472096223741298,0.668689839273364,0.5290717739696739,0.16991010600738513,false,false,none
45,0.7068981191076936,0.20364276629800673,0.393895932737975,0.7457427028928953,false,false,none
46,0.30617938593797367,0.5940010708077379,0.34864379221468844,0.1576306357036173,false,false,none
47,0.3908601146732487,0.42770877519798445,1.2182109815205548,1.1513112814098527,false,false,none
48,0.278413006546509,0.5814855262513567,0.9424714930637613,0.6550112580270001,false,false,none
49,0.0946076844903316,0.8473599712654005,0.7735836383369542,0.2073288480075957,false,false,none
50,0.1844670252116014,0.7089380462186201,1.029486510317094,0.5208822215738864,false,false,none
51,0.6637553482366383,0.15099677312637141,1.5466586194080036,2.4636347245232244,false,false,none
52,0.02008097425906155,0.9550483889163843,1.396447493647706,0.22270723182103075,false,true,purifying
53,0.4071287136245565,0.4055564562955186,1.3992674075648708,1.365918396953317,false,false,none
54,0.9097527581207953,0.0227741816089557,2.059507577655285,5.223039612886035,false,false,none
55,0.1384058984575587,0.8072993047307236,2.185518466297585,0.14494708744821191,false,false,none
56,0.7888733432746451,0.11931595385191875,0.6102033534424287,1.5100809038662106,false,false,none
57,0.033677264630114966,0.920604850698583,1.9543398866831094,0.478032708232695,false,false,none
58,0.44968426786144294,0.45491724886275176,0.5827787078674085,0.4524590317881144,false,false,none
59,0.6281194790929091,0.2730343580941027,0.4909489675704957,0.703406740485392,false,false,none
60,0.49922874077083246,0.40388548980942846,0.4973821901546402,0.4610043917865294,false,false,none
61,0.10456095147710545,0.8212214304502635,1.299234548980519,0.44167808733106867,false,false,none
62,0.905906993382455,0.026976402637621827,0.9461885670497315,2.843670742554076,false,false,none
63,0.11525021382262908,0.8043331126383285,1.298138145275432,0.47292570276987106,false,false,none
64,0.007600447778772216,0.9810523719105788,2.10338895318293,0.19033131035806916,false,true,purifying
65,0.03415953421585096,0.9200956790071639,1.7957550593965461,0.45442862428844283,false,false,none
66,0.24934354491562444,0.6659134321539659,0.5193331272649833,0.16919084589391434,false,false,none
67,0.4507200137875548,0.4538343447819769,0.577428485043105,0.449745476930637,false,false,none
68,0.08838700907140784,0.8557575779407415,0.8838640669252539,0.23245648699054955,false,false,none
69,0.280674855654745,0.5784605864630717,0.949253188873159,0.6654497427860322,false,false,none
70,0.21251625273586056,0.5805836270687156,1.6921819130109126,1.27624640812028,false,false,none
71,0.5689513533113814,0.3348935173645159,0.41543559786074197,0.4982961456395514,false,false,none
72,0.04381835177721015,0.9224581401359843,1.2671540973873605,0.20433513804094944,false,false,none
73,0.8730593864321583,0.06431683550735055,0.42597002294612374,1.5498844454793799,false,false,none
74,0.24898707049795227,0.666288797458716,0.5192394934357816,0.16870204545606848,false,false,none
75,0.007870202445054033,0.9804697540451061,2.0267381247419136,0.18851633506220525,false,true,purifying
76,0.23963932452277112,0.677020366175489,0.5320929033854326,0.16228131627398956,false,false,none
77,0.1508746432869053,0.7162404168070453,1.2122142166781993,0.6844519816075129,false,false,none
78,0.016315379741835005,0.9631195159300892,1.2922452404111995,0.18326426179437652,false,true,purifying
79,0.0018459391298401538,0.9921964736397549,2.9381404821594543,0.26064429834778874,false,true,purifying
80,0.04424624126718038,0.9221064708249971,1.0969511171612765,0.17542083794128902,false,false,none
81,0.02008552490453492,0.9550459474290898,1.3972244370784115,0.22269449006273398,false,true,purifying
82,0.385396596092879,0.5107409361149455,0.29817444831820256,0.21232156836952312,false,false,none
83,0.04040073552007812,0.9280525654869356,1.2736883182780516,0.1924669893600145,false,false,none
84,0.17313054243717538,0.7268977428677765,0.9289382927084945,0.43506132652744783,false,false,none
85,0.07041827373895287,0.8820946505673276,0.8805967782208308,0.1921413549646641,false,false,none
86,0.8059133144054929,0.06054110716810198,2.2889783935415338,4.464249091386858,false,false,none
87,0.4843772720670892,0.3391969476018913,0.9693036296753537,1.110502453324403,false,false,none
88,0.30617938593797367,0.5940010708077379,0.34864379221468844,0.1576306357036173,false,false,none
89,0.052670929166429487,0.908898594466419,0.9854581810600032,0.17630566286287552,false,false,none
90,0.5967801333056769,0.30251826895514855,0.5189701240099599,0.6656684182449446,false,false,none
91,0.43464289494143143,0.47102612526513193,0.5816184662134931,0.42244057518870104,false,false,none
92,0.2509959465949293,0.6645372342734364,0.5266047835920682,0.174093988163904,false,false,none
93,0.5643830127414231,0.3316400327392684,0.6079671517635119,0.7158229202223115,false,false,none
94,0.21338328781461102,0.6579502840939518,1.192152375016765,0.6999375367401486,false,false,none
95,0.157201290883594,0.7532754499838069,1.1671580784534543,0.5007287377949039,false,false,none
96,0.1559506751113875,0.7446616910908221,1.2143801419463882,0.5550709778006991,false,false,none
97,0.6149825604083616,0.2910593895740632,0.3407149758174039,0.480477167408818,false,false,none
98,0.07188149459271807,0.8395709139885015,1.9740007806968674,0.7491614288742554,false,false,none
99,0.28028011481081705,0.6299634240591889,0.4640877800189688,0.1840490474862625,false,false,none
100,0.19584434579566784,0.6797318823544992,1.3092212069777882,0.7224602772136696,false,false,none
101,0.047140989614039404,0.8695729123358551,3.082509183137918,1.0455636275067572,false,false,none
102,0.10402502589788457,0.8343171143044783,0.727188271467679,0.20772487791479363,false,false,none
103,0.385396596092879,0.5107409361149455,0.29817444831820256,0.21232156836952312,false,false,none
104,0.042123286882668226,0.8952747496147687,2.6801534346775573,0.7657439321730554,false,false,none
105,0.37294261567645337,0.5311080795920055,1.153043632511997,0.6081017498533882,false,false,none
106,0.26626353389341145,0.6430710216855698,0.4415152900197367,0.15784625292722718,false,false,none
107,0.06975012793951395,0.8830664892224862,0.8154585674365437,0.17291522813306717,false,false,none
108,0.044214720911247535,0.9217936226814335,1.2736728094281027,0.20626754076880058,false,false,none
109,0.23669373337852778,0.6797742153095855,0.526255457085718,0.15590723919452684,false,false,none
110,0.0727105836222688,0.8787132840825675,0.7935340183595986,0.1723391174158998,false,false,none
111,0.0878757813945987,0.8211023725091902,1.8392239073423078,0.7304676610534547,false,false,none
112,0.29193110446079834,0.6106287339001909,0.37077352444058925,0.15396402321429464,false,false,none
113,0.04369982946415556,0.922548970705771,1.281741675795485,0.20598710250070315,false,false,none
114,0.6015243266065047,0.3032780714059622,0.32941337396676057,0.43605682592901407,false,false,none
115,0.26626353389341145,0.6430710216855698,0.4415152900197367,0.15784625292722718,false,false,none
116,0.045431554700298846,0.8985699358460686,1.5114496480445268,0.44894285269754186,false,false,none
117,0.35649825356508363,0.4617859092096394,1.3819474828636624,1.2086651884151651,false,false,none
118,0.6546555602915743,0.2401197076404665,0.5987656344369972,0.9512690239010237,false,false,none
119,0.35156423741271303,0.5492965567131495,0.3552692675832584,0.21134493910629423,false,false,none
120,0.455433670865368,0.44902940884447845,0.5597461809361725,0.44127625003179527,false,false,none
121,0.2893606831846187,0.6166781699294475,0.40955919708402455,0.16917819232143783,false,false,none
122,0.35973800833862124,0.5423258622789637,0.36948225160229103,0.2312583459152498,false,false,none
123,0.021619930810590063,0.9529400654366643,1.163387081468941,0.18774104819113524,false,true,purifying
124,0.6706394577220052,0.23395823372109156,0.4728995301597783,0.8002931126720668,false,false,none
125,0.04862871140781885,0.8662502482357305,3.1326779717245206,1.0577409593922746,false,false,none
126,0.8658986881585223,0.04434903753405005,1.1091236824159036,2.8957657731493125,false,false,none
127,0.7821699799039534,0.13096114695581862,0.48603803020155795,1.1947576212276751,false,false,none
128,0.3346439769349372,0.513920705312399,0.9577647080658988,0.7865314300018921,false,false,none
129,0.0013751937943548493,0.9944019750888691,2.520267239582593,0.1934433473375105,false,true,purifying
130,0.4543802141615239,0.45002739204842246,0.5724597440124001,0.4516665774701836,false,false,none
131,0.5159429847793388,0.3871071729625057,0.4532550508989402,0.440730958235874,false,false,none
132,0.28456707154736427,0.5668437352394023,1.1574110990558446,0.8495205091401034,false,false,none
133,0.24898707049795227,0.666288797458716,0.5192394934357816,0.16870204545606848,false,false,none
134,0.98821097246862,0.0023023291672526233,1.1276739753271192,7.343007050929117,true,false,positive
135,0.039947100370978206,0.9287731578549605,1.2701080684068147,0.19096540046998123,false,false,none
136,0.11699511918034233,0.8016945435859243,1.285107056337034,0.473597251411438,false,false,none
137,0.009583163212708247,0.976829512430395,1.6728325002733926,0.18084701931101102,false,true,purifying
138,0.04883287184924106,0.9147617368288306,1.0811516826429415,0.18623749847543467,false,false,none
139,0.2732061403702901,0.6359461023063098,0.443015388353613,0.16617680361812712,false,false,none
140,0.04340673080327023,0.9230772230537295,1.272867989736,0.20393332580957207,false,false,none
141,0.5045666042468921,0.3985963532028053,0.45100319172383846,0.4168208152904199,false,false,none
142,0.09108287376332462,0.8064030881052119,1.6274447824872151,0.7202167348174165,false,false,none
143,0.7542690820659922,0.15892152068742563,0.41639799641416786,0.9202740982645985,false,false,none
144,0.2570306219795005,0.6065817712993037,0.9923425170642644,0.6525954419725932,false,false,none
145,0.24433360695103676,0.6330816620896359,0.9679084284500902,0.6109675755736327,false,false,none
146,0.0530276181674248,0.88468075407169,1.4128823127969536,0.4527379097531643,false,false,none
147,0.7307580301440563,0.1774412319248822,0.45672881757353817,0.9292576914176555,false,false,none
148,0.004735253744866867,0.9743787607565053,4.456283649207178,1.005631384948483,false,true,purifying
149,0.05714689883220684,0.9020003476747702,0.9305913514410036,0.1751557587871987,false,false,none
150,0.0014625399190656262,0.9924610687291022,3.725654191930356,0.43626602855453894,false,true,purifying
151,0.7415521310575022,0.16907147837445877,0.4323282724922757,0.9107562229395321,false,false,none
152,0.8996782691889749,0.029061127587547496,1.1099252185731812,3.234755919082964,false,false,none
153,0.4973119758151438,0.26216143768451133,2.3177457389421243,2.6571303657470478,false,false,none
154,0.11409009892564578,0.8060039130101648,1.2889080438445728,0.4664062567689339,false,false,none
155,0.6212202245437217,0.28001724138385475,0.4801905587723626,0.665301740040935,false,false,none
156,0.05222631343163081,0.9087760069237948,1.2507444691609284,0.23053631606577069,false,false,none
157,0.2503896323948891,0.6650367173290367,0.5238288703024842,0.17221234235150415,false,false,none
158,0.5568368211436721,0.3394781918136406,0.6046591984857095,0.6898688972261225,false,false,none
159,0.21175035578611476,0.6575989247059666,1.2972751892253918,0.7604784374481326,false,false,none
160,0.06821866271788478,0.8560992069355936,1.4552418221033954,0.5292819885874444,false,false,none
161,0.7123021520564928,0.19242560252688976,0.485581887408392,0.9267664862014632,false,false,none
162,0.7059917181992136,0.19779575456795195,0.4904981107735475,0.9136141790796596,false,false,none
163,0.7151550617355914,0.1974189264730206,0.33801617126091454,0.6423200759075576,false,false,none
164,0.0808557801095006,0.8250654335057725,1.623336886882286,0.6776454786296475,false,false,none
165,0.23336408356322952,0.5399056682892474,3.599574845941195,2.496615844042376,false,false,none
166,0.2097972126121803,0.678701176318648,0.8907403228671843,0.48320422074721,false,false,none
167,0.23703505719233206,0.6300073311002754,1.068517557791343,0.6679174007538684,false,false,none
168,0.2801444177929245,0.6299363001646573,0.46142259825608534,0.18263145044114043,false,false,none
169,0.30613259809585086,0.5937810469208894,0.34612973386203966,0.15634761718012455,false,false,none
170,0.1290710175233071,0.7406104880623773,1.683748505995967,0.9078530523371546,false,false,none
171,0.29928253961686513,0.4751956981254348,2.858468318207486,2.230302842318966,false,false,none
172,0.15680839317954437,0.7475780040535555,1.0280878293104516,0.4569340796238427,false,false,none
173,0.051185922215035554,0.9103713986510484,1.2697043452917751,0.2306646021097908,false,false,none
174,0.8189746914574397,0.09997957367947648,0.5012833893544463,1.4037225631554044,false,false,none
175,0.05742606655943484,0.9015948317031187,0.9237413610872497,0.173899196857722,false,false,none
176,0.7921425572331524,0.09605043867670274,0.8456591539277636,1.9822111453615703,false,false,none
177,0.44491577768285967,0.35998530191090206,1.469431396094498,1.5300502144440862,false,false,none
178,0.8456718333834645,0.0854612854784088,0.4143464031916702,1.3554726049703232,false,false,none
179,0.4912925826652816,0.3871474209269485,1.3298360116069423,1.031396852551243,false,false,none
180,0.3353465727642808,0.5649925466335981,0.3504067798391632,0.18938247656720308,false,false,none
181,0.6833355514811715,0.21608093039222662,0.5430460781473163,0.9441333313610623,false,false,none
182,0.4498759631743264,0.45475954005970026,0.5763375476985113,0.44691910156873477,false,false,none
183,0.33068460740477523,0.4632963351262011,1.2595999586397366,1.1419273885689465,false,false,none
184,0.025511092718821477,0.9302728159625397,1.5534282264332095,0.43748504392276427,false,false,none
185,0.27535512931676476,0.6388344581289449,0.533813875583362,0.20978821156826435,false,false,none
186,0.039365237589691175,0.8995223683415671,1.5438791923468917,0.5152362886041753,false,false,none
187,0.3627662974296318,0.5326319541735169,0.2987580572399969,0.1874075188572553,false,false,none
188,0.7279773300735627,0.17872913188779785,0.4881716328504772,0.9962922536126819,false,false,none
189,0.44950711676137284,0.45515111500122196,0.5799465763784747,0.4491954496796629,false,false,none
190,0.3399836074826627,0.4925509679286858,1.1616034238891062,0.9811215130733836,false,false,none
191,0.45810675899846887,0.44582691958783727,0.5845065584649218,0.47232735033093765,false,false,none
192,0.030390213033349538,0.9189244652956805,1.5757130167710425,0.47470424751135404,false,false,none
193,0.040035855846542824,0.9286716541358088,1.2594847643486007,0.18950775428187566,false,false,none
194,0.4122322410943875,0.37559937843472213,1.3338435300701574,1.4180153122323906,false,false,none
195,0.19031476191828253,0.7035910233492468,0.9246718042746672,0.4672474369352641,false,false,none
196,0.5563415484938952,0.26181642790407667,1.134387291862193,1.4972972364397519,false,false,none
197,0.30201669222128247,0.5978454033178134,0.34551890564919086,0.15202495337159416,false,false,none
198,0.856481125907571,0.06983195869236433,0.590315380083276,1.8954723399224824,false,false,none
199,0.24333227734606877,0.6378087589832815,0.8157863689899745,0.49242635856863337,false,false,none
200,0.6745252823872994,0.17576316262538128,1.4670478504022615,2.601694655138785,false,false,none
201,0.17136623028627362,0.6481292011068366,1.827058143441166,1.2341111187741183,false,false,none
202,0.30633147479435885,0.5935847799679836,0.3461597708694296,0.1565650563902482,false,false,none
203,0.03862503803858533,0.9309825368685457,1.2651379512689773,0.18466401456723808,false,false,none
204,0.6162567682171173,0.2596907874527024,1.2057113565432118,1.5162752156588715,false,false,none
205,0.2660969111009026,0.6430436167744052,0.4388685666895651,0.15656028775795633,false,false,none
206,0.7246571234236499,0.10166225216137875,1.9660582318072728,3.2608519106047136,false,false,none
207,0.5290630245646459,0.2844297136979715,1.2030702823736172,1.503669651322255,false,false,none
208,0.16991701778396415,0.7287559768481032,1.0386864354015442,0.49318254524419486,false,false,none
209,0.07556494419092043,0.8745054587927326,0.7666475521620112,0.17006528729442857,false,false,none
210,0.6360656050897842,0.26599057999973746,0.4755383382573765,0.6980010022986928,false,false,none
211,0.2958558811641499,0.6064614915052435,0.3688731122617403,0.15704423858156205,false,false,none
212,0.1839584357649337,0.6682892364813032,1.2139697787717785,0.7651663135879017,false,false,none
213,0.1167669541756983,0.8033599145903546,1.20747436170889,0.44300547170470034,false,false,none
214,0.11581805862909703,0.8183043839966171,0.7303015256511161,0.22898872357842523,false,false,none
215,0.4987245341516959,0.40432293426944194,0.5088962282137656,0.47311523984187825,false,false,none
216,0.46037281194454216,0.44361383039160757,0.5712302851815565,0.46322244102242266,false,false,none
217,0.5651608925690197,0.33135557170672847,0.5949141770529793,0.6982569240748385,false,false,none
218,0.3750060316455973,0.4420875813268828,1.410522658257651,1.2824711706330183,false,false,none
219,0.2503896323948891,0.6650367173290367,0.5238288703024842,0.17221234235150415,false,false,none
220,0.21011367467896666,0.664742586968081,1.1255309298574894,0.6459130897390116,false,false,none
221,0.2508950480579952,0.6646622608775208,0.5274620635882233,0.17400204310295675,false,false,none
222,0.9693305186327386,0.008430548000553456,0.5184573837384022,3.404302844116471,true,false,positive
223,0.4505767481468391,0.4541460513382695,0.5650152270999235,0.43690981908289195,false,false,none
224,0.25071045471508036,0.6648571883670484,0.5274130966155647,0.17373804123041794,false,false,none
225,0.9613865986904336,0.011819214995018926,0.4322073385244838,2.6398730843748557,true,false,positive
226,0.6220475566552748,0.21301027906004671,0.9570598699946676,1.4583429791633606,false,false,none
227,0.009272612051737603,0.9771863389234452,2.047149525385418,0.20564605056208074,false,true,purifying
228,0.44243535361870967,0.3771351981860502,1.088021485843358,1.146147252821423,false,false,none
229,0.36115120081779045,0.3454948860048277,3.07038452066112,3.0364461829298883,false,false,none
230,0.8661425890174832,0.04860408285993404,2.002802490318782,4.83568313320641,false,false,none
231,0.05065959764319722,0.9111831111808619,1.2799162490349918,0.23072266134742514,false,false,none
232,0.32057551776994475,0.579600121738501,0.3489983496386572,0.17245855306238983,false,false,none
233,0.8463495196054661,0.08147110104001187,0.4616829772917949,1.4628193743657592,false,false,none
234,0.2851169954767367,0.49767628913103684,1.841596016761523,1.5037067632104795,false,false,none
235,0.23938089052335043,0.6771480757903185,0.5293795457689842,0.1609767759616073,false,false,none
236,0.25071045471508036,0.6648571883670484,0.5274130966155647,0.17373804123041794,false,false,none
237,0.4809029898038029,0.4228209038352149,0.4850004175388694,0.4114009582091994,false,false,none
238,0.06229483926690115,0.8653336100014712,1.6277369593007212,0.5632579253896429,false,false,none
239,0.0039314198690197566,0.9874769329192662,2.684638631417203,0.23071958009765975,false,true,purifying
240,0.6579387075639599,0.23701408894314643,0.602059917462507,0.9686008835446385,false,false,none
241,0.11507928485900976,0.8045115694575476,1.2830728742606983,0.46841634568605217,false,false,none
242,0.924990453319379,0.029654425579825318,0.4814757221946432,2.242430617271904,false,false,none
243,0.9273656354195683,0.027398727401953062,0.49634094830993136,2.278231953747518,false,false,none
244,0.16361990618466724,0.6207606810258391,2.3742266115070585,1.651384231394983,false,false,none
245,0.4376016227943421,0.46812547371451363,0.562002648484354,0.4080222893469302,false,false,none
246,0.21564449170132663,0.6568576551690037,1.1343631746917506,0.6651196192337279,false,false,none
247,0.02237042535689065,0.9514467894097914,1.1702823818989647,0.1925379579183332,false,true,purifying
248,0.050426060885940115,0.9115444480468949,1.2846810640908481,0.23074596541580453,false,false,none
249,0.11441428146287413,0.8063683905726093,1.2577575173880302,0.45510424867824484,false,false,none
250,0.5869931892929392,0.3176142532576083,0.38731318107259843,0.4949866661578665,false,false,none
251,0.5695847327667948,0.33428757356324096,0.4136844672507099,0.4970954393049164,false,false,none
252,0.2770360174516458,0.6289437020957093,0.4046039378491313,0.15372637643664083,false,false,none
253,0.7514398566380643,0.10367538854287439,1.6479320201811432,3.0379554963816773,false,false,none
254,0.28179954224072556,0.4698198522589388,2.345024070907124,1.9771742654825495,false,false,none
255,0.8615566968665643,0.07603672326819627,0.3372337713799871,1.172667752253578,false,false,none
256,0.8977034497314993,0.04887244614272456,0.4212150926026605,1.7824746254544868,false,false,none
257,0.474556063607299,0.4293857370835721,0.4866707645428818,0.40154577723847223,false,false,none
258,0.04848494539922471,0.8926616621970053,1.5043244252746975,0.46158621088198315,false,false,none
259,0.5248666660903647,0.23938615218281148,2.165516128797145,2.5870478506397636,false,false,none
260,0.9452100480826785,0.020593270164526768,0.38508455298835803,2.1377151784187283,false,false,none
261,0.30977858904652544,0.5253840386384031,1.2973808654044867,1.0187493820355416,false,false,none
262,0.04402348839945571,0.9225218616439774,1.0719206284436291,0.1698092384058626,false,false,none
263,0.22304554502122786,0.5189944976886812,3.730076366046779,2.8972392512429557,false,false,none
264,0.03595842921420341,0.9354351108246156,1.2835372939845,0.1786236212353379,false,false,none
265,0.2627259010012995,0.5967223921340223,1.069619312991238,0.7267167122542553,false,false,none
266,0.32755030839124555,0.5667384289622734,0.2972036238139905,0.1517000960374062,false,false,none
267,0.23963932452277112,0.677020366175489,0.5320929033854326,0.16228131627398956,false,false,none
268,0.25728577128236035,0.6575509857428243,0.5214065789282539,0.1800758818033395,false,false,none
269,0.6593958413741545,0.2508377150527896,0.3268252742645242,0.5578330456268237,false,false,none
270,0.4495251021134667,0.4550925559744949,0.5790928203213302,0.4489760174679131,false,false,none
271,0.6396256389893801,0.26269132886415064,0.47295465481184645,0.7033288546218852,false,false,none
272,0.044214720911247535,0.9217936226814335,1.2736728094281027,0.20626754076880058,false,false,none
273,0.03381372637291669,0.9040651519135924,2.0340851898059844,0.6784634346994836,false,false,none
274,0.5822734047465978,0.3221238372880417,0.3959071458003552,0.4979465081767283,false,false,none
275,0.5713621763278098,0.33242594619677407,0.3788033245216526,0.4505261327138995,false,false,none
276,0.29612154595504836,0.6064442949926863,0.371472791018025,0.1585513431241943,false,false,none
277,0.6828812379863922,0.2249009044590794,0.3956292896633332,0.6751852931817179,false,false,none
278,0.24934354491562444,0.6659134321539659,0.5193331272649833,0.16919084589391434,false,false,none
279,0.10771202734897388,0.7709281541370567,1.6961245297445584,0.8316550988530171,false,false,none
280,0.007236769717636699,0.9818353133520417,2.224520591157926,0.19098951821112212,false,true,purifying
281,0.6397340441848597,0.26255282931831286,0.4740201735047657,0.7056357917806759,false,false,none
282,0.0018189060168394972,0.992902409854636,2.03987343907502,0.18472386023249093,false,true,purifying
283,0.005432352722435509,0.9835961387716111,1.8583395583575775,0.20783059785602076,false,true,purifying
284,0.2789931680756387,0.6279186354684941,0.4164317745657482,0.16099276244853908,false,false,none
285,0.06248804473995262,0.8545400205513048,1.4623334094566016,0.5881986018522499,false,false,none
286,0.8683087467582732,0.06607169252179479,0.4917361207580807,1.7514119125462269,false,false,none
287,0.6393059456787437,0.26293707800527033,0.4747210258519148,0.7057383313943698,false,false,none
288,0.2747873449211195,0.6343229437351592,0.44335547101041584,0.16816126157929456,false,false,none
289,0.009164117880218004,0.9777988463087296,1.6559864893404648,0.17540844631488087,false,true,purifying
290,0.1189742839388044,0.7499215906101313,1.9385546493586212,0.9730597359369664,false,false,none
291,0.5664207560746186,0.33722785148027656,0.388058267008754,0.45379808953679085,false,false,none
292,0.44961923993578734,0.45499112015169246,0.5791144098731131,0.44918727861226454,false,false,none
293,0.06274086651344388,0.893543089089454,0.8755377942092595,0.17404633959285062,false,false,none
294,0.9702472627478939,0.008222235057633177,0.5542666862192873,3.699410917048567,true,false,positive
295,0.5581957619952533,0.2600863967852499,1.1749876733390334,1.5623882631971973,false,false,none
296,0.2450558894482787,0.575120504988344,1.259732468495108,0.9490728386098709,false,false,none
297,0.04381835177721015,0.9224581401359843,1.2671540973873605,0.20433513804094944,false,false,none
298,0.6730410617896214,0.233634069608122,0.40415017517673657,0.6649535586147283,false,false,none
299,0.004562508293681245,0.9859641726096078,1.8760947573027245,0.1961271634614515,false,true,purifying
300,0.06519033845281708,0.8895203466021238,1.0035966487354755,0.21335918298256193,false,false,none
301,0.5912102583557566,0.312806363662886,0.32708416196847534,0.41384029213771156,false,false,none
302,0.7128566573737183,0.1901788478105021,0.5351333225522038,1.0434168569011155,false,false,none
303,0.012979472745626212,0.9695093358432552,1.5405726330301182,0.19599018354400788,false,true,purifying
304,0.030676381803864502,0.9268103705725048,1.8194215235058162,0.4446312847719112,false,false,none
305,0.09293772463557534,0.8491219661566173,0.9185608512845709,0.2540528722378112,false,false,none
306,0.9231601305456599,0.03441230479476243,0.374427570427828,1.8764335109417978,false,false,none
307,0.4588463641499572,0.44574438091981883,0.48459876557451487,0.37188006259574935,false,false,none
308,0.8618893553163018,0.06433272542040663,0.6144203049089848,1.963136963511573,false,false,none
309,0.0655347372690547,0.8267135206498795,1.988013791716876,0.9341561171950455,false,false,none
310,0.27553933255043583,0.6387552745607598,0.5364724865853683,0.21132226543860114,false,false,none
311,0.07640921841957007,0.8729883059790885,0.9280358424441103,0.21976863575132816,false,false,none
312,0.3034699551429943,0.6023889479015938,0.4122308683715507,0.1866347106619509,false,false,none
313,0.3205782259456446,0.5798483608895049,0.3515244602209874,0.173827386222509,false,false,none
314,0.06557788698146533,0.8889288195055136,0.9981759694234543,0.2132904043899934,false,false,none
315,0.7558649437239571,0.14797888779134083,0.6136005291873883,1.3795368185530386,false,false,none
316,0.25728577128236035,0.6575509857428243,0.5214065789282539,0.1800758818033395,false,false,none
317,0.062576082737332,0.8937916831170836,0.8781046401350433,0.174344491425802,false,false,none
318,0.18679242156725814,0.7097015220501086,0.9548150864791519,0.4754466427527008,false,false,none
319,0.017066071942244264,0.9493833006089479,2.0611989422259636,0.4779966244535136,false,false,none
320,0.5700690001700075,0.33381678870674153,0.41528029541106504,0.50047933448885,false,false,none
321,0.04373313665504888,0.9225601040035373,1.2846021612891463,0.2063026943739601,false,false,none
322,0.06526004401359424,0.8894172555562987,1.0028623705791022,0.2133453993009139,false,false,none
323,0.03324481397901682,0.9214430498246864,1.9727916384838295,0.47839219278665346,false,false,none
324,0.4572787901837772,0.3767336372338106,0.866639694549764,0.9366441054783455,false,false,none
325,0.00475416995106513,0.9852984710499196,2.0803815051480012,0.21483520097234368,false,true,purifying
326,0.9818625462576137,0.003931848560019239,0.5888776684743248,4.580392834288622,true,false,positive
327,0.04005406996164454,0.9287312778736134,1.2400820812010867,0.18668801344168787,false,false,none
328,0.36265516342471615,0.5330177827081203,0.3011407183203537,0.18884450084976034,false,false,none
329,0.03938656366990683,0.9300070626403703,1.0779993607234328,0.1567212012980115,false,false,none
330,0.24164218729808798,0.6208098177622512,1.1755293896614627,0.7568553996058629,false,false,none
331,0.25728577128236035,0.6575509857428243,0.5214065789282539,0.1800758818033395,false,false,none
332,0.7400286887677371,0.17006837251282692,0.441023687086532,0.9269052984798049,false,false,none
333,0.1706774687093919,0.7699049567450214,2.1292803995858227,0.2138821374990218,false,false,none
334,0.2733744208813695,0.5699536115314788,1.3379628047892898,0.9514457812671092,false,false,none
335,0.3391316974001111,0.48205372379974143,1.3993428004272466,1.173748552330513,false,false,none
336,0.18981039616323248,0.7029369936533277,0.9773530391027928,0.500144575560903,false,false,none
337,0.042910226453247664,0.9238179912484781,1.3008215103074514,0.20565779338355444,false,false,none
338,0.9603356063306532,0.012612660798869227,0.44877148887105894,2.7911178061185957,true,false,positive
339,0.5018610077057796,0.3041781897649693,1.4782130734700603,1.7254336618927861,false,false,none
340,0.5359799665465304,0.36704058045964616,0.4596117240543175,0.48913734360324945,false,false,none
341,0.9719800656548668,0.006126847388312168,1.4154805914386301,6.091923649096246,true,false,positive
342,0.9610427051567358,0.011585219412101746,0.591217850120207,3.4913953486621883,true,false,positive
343,0.7063802092866632,0.20315847934976164,0.4309349413666435,0.8311714198874852,false,false,none
344,0.28038841649402846,0.6299976725095939,0.4664703743200778,0.18529087591098378,false,false,none
345,0.9387071057415909,0.02372177232363625,0.39520692396028784,2.0730522014473793,false,false,none
346,0.5810589646248568,0.31467585781154234,0.6106881389671385,0.7680014554093576,false,false,none
347,0.2398644247502305,0.6769068583194312,0.534467750175249,0.1634217889252902,false,false,none
348,0.3243290129959292,0.5785100139515261,0.37838098908307416,0.19296370892768536,false,false,none
349,0.7454889978229252,0.10701005573266444,1.2949828043238076,2.41367703512832,false,false,none
350,0.06432305461283436,0.8907841486601525,1.0185070317546108,0.21494344346203553,false,false,none
351,0.01650226802088403,0.962083333183707,1.5061219812474145,0.21680884810909648,false,true,purifying
352,0.29199910875025936,0.6107778414663564,0.3730206624216402,0.1550648267729746,false,false,none
353,0.44659860269130475,0.3751212760221541,1.1117770979614507,1.1901013453636178,false,false,none
354,0.013882221926621974,0.9501862510863199,2.3289223935703953,0.614207389841651,false,true,purifying
355,0.12824177741126747,0.7871896909822563,1.1242318217769809,0.43684417197033104,false,false,none
356,0.28038841649402846,0.6299976725095939,0.4664703743200778,0.18529087591098378,false,false,none
357,0.7272724203088429,0.17131258779885725,0.6189999111254123,1.2508783566006467,false,false,none
358,0.044376577480430675,0.880094764899126,2.00759948208559,0.7408034205597374,false,false,none
359,0.7301500818374265,0.17727776759269817,0.47625696009440094,0.9742712283038907,false,false,none
360,0.7507124211216413,0.16002766734842716,0.4747955457125803,1.060834932673985,false,false,none
361,0.649715402178438,0.19680545379777428,1.0426057573649061,1.7702580922977473,false,false,none
362,0.20724204020744855,0.5754104033912637,3.3565219446133754,2.232519915759217,false,false,none
363,0.639858770149502,0.2536063815937705,0.6077332895924822,0.917767020732409,false,false,none
364,0.05586796990338218,0.903866047321694,1.003204740788626,0.18888063424496274,false,false,none
365,0.25119298711615035,0.6644513640110522,0.5290053362770846,0.17528830158133346,false,false,none
366,0.06747701250259588,0.8479694048631921,2.014175900226527,0.7373386724110157,false,false,none
367,0.32465354082137415,0.40106401589208357,3.0083071752817485,2.7588658919120506,false,false,none
368,0.3352558210287257,0.5655247700369948,0.3551805775343688,0.1921046958725317,false,false,none
369,0.45024347024554734,0.45427929743461104,0.5854427080278528,0.4562917537214088,false,false,none
370,0.06255558027687619,0.8938164858726914,0.8819763227849589,0.1753589769526831,false,false,none
371,0.05169967182514578,0.9104168776793542,1.0178369545588395,0.18068787859155336,false,false,none
372,0.8880743877841151,0.053976497557309634,0.46850625598208734,1.8691120151005343,false,false,none
373,0.5676333068166665,0.3361045005513959,0.390392517582069,0.4595159976998409,false,false,none
374,0.2756812160414128,0.6387076138533377,0.538893660645877,0.21265890005865676,false,false,none
375,0.003277770970098058,0.9864035926142409,3.398742117358101,0.4398369601476118,false,true,purifying
376,0.4629801084591382,0.440649282719269,0.5863458201546459,0.48417910326204316,false,false,none
377,0.2894351040038824,0.6167865266952143,0.41188172825183456,0.17035401448545162,false,false,none
378,0.3592843284163783,0.5464996585790187,1.3128274465783714,0.6075856137818487,false,false,none
379,0.2513338781211047,0.6644563768202137,0.5325327313911055,0.1765742110000226,false,false,none
380,0.6570472439063219,0.14447484040009084,2.6173548764311234,3.8871955828087477,false,false,none
381,0.34774831569576176,0.4860102169524626,1.091156950048838,0.9339478637931206,false,false,none
382,0.13634658013431006,0.7754367394768098,1.1156430905282353,0.45297303562249663,false,false,none
383,0.20856073419524068,0.5728966205836452,2.0096076239335003,1.4932234260475583,false,false,none
384,0.26796480926642025,0.520760780002652,1.7806700321980993,1.405886132160682,false,false,none
385,0.11078372243874632,0.8111156101430255,1.2904675652791975,0.45817358346050924,false,false,none
386,0.17627064862981362,0.7204961703240031,1.030727267961896,0.5025761862690081,false,false,none
387,0.36255676232768824,0.4716939759343318,1.019652789124018,0.8987095789887783,false,false,none
388,0.0016606356389150287,0.9943084132627835,3.2019607256008036,0.18025720325857733,false,true,purifying
389,0.040311672715478405,0.9281900135425244,1.2653761605119453,0.19153941829651677,false,false,none
390,0.2506280336721878,0.6649255574413804,0.52650731081257,0.1735772542916147,false,false,none
391,0.3101055400889094,0.5286808152728371,1.1603088600385116,0.9077099632083273,false,false,none
392,0.1384058984575587,0.8072993047307236,2.185518466297585,0.14494708744821191,false,false,none
393,0.5645908673557243,0.33144542867044563,0.6075479303904845,0.7157897650029893,false,false,none
394,0.19517516431371554,0.6491251171482104,1.4010941004730575,0.9266771567206407,false,false,none
395,0.620136747750787,0.28661110529452644,0.40433033049480727,0.602255842770622,false,false,none
396,0.020370653634424814,0.9553978405783156,1.1651241152719578,0.18218450129406502,false,true,purifying
397,0.5475927477506265,0.27934413266337654,1.0205277017107395,1.3491066380485826,false,false,none
398,0.7870908129164881,0.12006715865470392,0.6358349231141728,1.5622510481818082,false,false,none
399,0.2664344474881928,0.6607775276136242,1.689719028362408,0.3800577791206695,false,false,none
400,0.045614285699407654,0.919993433845396,1.0730866198066598,0.1747239133940269,false,false,none
401,0.8442118961395864,0.08201864022257134,0.4992349868148134,1.5711476118766292,false,false,none
402,0.09174644219992466,0.8064270018173745,1.5422105744170669,0.6867360604021459,false,false,none
403,0.4853444863557942,0.41697219460257196,0.5897426207656216,0.5385003281110412,false,false,none
404,0.011310333671229075,0.9603622193311793,2.444697987508429,0.5413341674813834,false,true,purifying
405,0.01877166690876719,0.958075882386403,1.3270896731149966,0.20259132368071114,false,true,purifying
406,0.0787997105340549,0.7905979456814953,2.098422091639824,1.0885939140340224,false,false,none
407,0.5050953495500377,0.39806264720734136,0.4510925822357943,0.41792002855544114,false,false,none
408,0.1267071515806978,0.7645926290844058,1.1743792034132983,0.5791080253770194,false,false,none
409,0.010130714458666343,0.9575314682822081,2.6601855490719726,0.7090638272957958,false,true,purifying
410,0.3932314601146787,0.3358677928163619,2.4773866286709056,2.4752465462040085,false,false,none
411,0.35156423741271303,0.5492965567131495,0.3552692675832584,0.21134493910629423,false,false,none
412,0.9189115142856151,0.022211062496757163,1.3235922640440239,4.120729225364675,false,false,none
413,0.7932489180744647,0.11574585019316157,0.6222452114670695,1.5677071404260106,false,false,none
414,0.3034699551429943,0.6023889479015938,0.4122308683715507,0.1866347106619509,false,false,none
415,0.014456237939076936,0.9667560628865343,1.3658558091974777,0.18360250764224528,false,true,purifying
416,0.31167632603341144,0.46191358996737786,2.260291010814758,1.9216951566525717,false,false,none
417,0.05050887079283022,0.8897108238100707,1.3970887629516615,0.4361422232420587,false,false,none
418,0.0017077599577385017,0.9913254863631922,3.434515015977441,0.43806076469355637,false,true,purifying
419,0.015491759028580267,0.9598480429537884,1.4529957244254728,0.25491411517610385,false,true,purifying
420,0.7620419362986125,0.15088046150509998,0.4708532634931283,1.1052822557925654,false,false,none
421,0.8971323307347097,0.049447585176649655,0.4068988396575207,1.7118811125273041,false,false,none
422,0.6716742707457186,0.22390649471034077,0.6143401537259783,1.0440027576202118,false,false,none
423,0.3770755732949398,0.4556147887308835,1.0163068545159937,0.9279830147638912,false,false,none
424,0.38845252093038346,0.4547737950417688,0.9870580875149356,0.9437611711229609,false,false,none
425,0.4485982956762826,0.4561790017218349,0.5716386291995231,0.4396661466943987,false,false,none
426,0.3373133998839294,0.5109696788586381,0.954293123065986,0.7891179477954979,false,false,none
427,0.12175702151498743,0.7716191094331329,1.2002607466906858,0.5807592470741858,false,false,none
428,0.06976889387769232,0.8440457533419196,1.9435957131690749,0.72949742651238,false,false,none
429,0.760154562020983,0.1543449867910304,0.4057235169809597,0.9158332953692203,false,false,none
430,0.03599297775787259,0.9354230871193665,1.2852656449540956,0.1787717820418612,false,false,none
431,0.2747873449211195,0.6343229437351592,0.44335547101041584,0.16816126157929456,false,false,none
432,0.4285359382204305,0.47776761879825397,0.5777628555428941,0.40540603065574815,false,false,none
433,0.9716551558697092,0.006755704127814641,0.904347124454124,5.2338189335585055,true,false,positive
434,0.05204140094259616,0.8866178133429208,1.4082178198063537,0.44690187328708236,false,false,none
435,0.6208910772888278,0.27831692718614237,0.5396217042316944,0.7703297636887251,false,false,none
436,0.3826934073373356,0.4662174204149413,1.1679939860610797,1.0491542541098045,false,false,none
437,0.009619436340135921,0.9767699933149161,1.6673925662531903,0.1805735790839098,false,true,purifying
438,0.16350872866032184,0.671048038203938,2.1258155676835053,1.2353872289593477,false,false,none
439,0.33438618677071547,0.5014820364846333,1.090736705242112,0.9029205470314602,false,false,none
440,0.03881831675486445,0.9308563519528179,1.0864196082679514,0.1567545542302972,false,false,none
441,0.24934354491562444,0.6659134321539659,0.5193331272649833,0.16919084589391434,false,false,none
442,0.28740937101687214,0.565731326538752,1.0821537672431047,0.793537513021647,false,false,none
443,0.04047966872787649,0.9279574209185955,1.272588290052939,0.19245493199860256,false,false,none
444,0.024871461894545577,0.9461871309504232,1.2573501224973367,0.22171242058954013,false,false,none
445,0.053237426356101195,0.8713739411802235,1.6278957326804622,0.611014737938076,false,false,none
446,0.06210780728170013,0.8664999453905796,1.5334524450901184,0.5315527862768136,false,false,none
447,0.19991594836275325,0.6912024236712482,0.9100362208327365,0.4768571402106081,false,false,none
448,0.0923389201317,0.7676275941863966,2.5745417533926718,1.2936269996888978,false,false,none
449,0.2789931680756387,0.6279186354684941,0.4164317745657482,0.16099276244853908,false,false,none
450,0.36201177851811905,0.5398243587688687,0.36627580537662247,0.23205130426111537,false,false,none
451,0.17324208741928415,0.7270486571716505,0.9148671909741212,0.42679751585691406,false,false,none
452,0.5368880475283485,0.3659488258625741,0.3919205735052756,0.4041580965494698,false,false,none
453,0.3101424607941208,0.5285660199657239,1.1541833676188014,0.9023639205787016,false,false,none
454,0.36482157434433604,0.469282625826051,1.014501510217955,0.8984200153010161,false,false,none
455,0.20957630836620872,0.5347298510989601,6.171901276768834,4.730516409752087,false,false,none
456,0.7799681888029775,0.08990027595581337,3.6620970776080197,6.6205975249226885,false,false,none
457,0.8052098694733909,0.11422346566331652,0.44916505327363826,1.2124684680434352,false,false,none
458,0.0670696980419536,0.84882698826305,2.0205907808534374,0.735023792954875,false,false,none
459,0.46121943471992305,0.4425014227108554,0.5878023111568514,0.4818995129920175,false,false,none
460,0.8716661014197905,0.06915390146152416,0.3344946290354015,1.2348760820009221,false,false,none
461,0.29193110446079834,0.6106287339001909,0.37077352444058925,0.15396402321429464,false,false,none
462,0.5342097131857038,0.36844783654446117,0.4965204150135882,0.5348277176321472,false,false,none
463,0.16263229596014817,0.7526345631190497,1.2400213407350285,0.5133211180945935,false,false,none
464,0.1727558282955178,0.71293298104289,1.2987929664811395,0.653677273640795,false,false,none
465,0.42262896880617584,0.33948411804726986,2.312852920705613,2.329429260902308,false,false,none
466,0.6081417466745371,0.29773934619446196,0.39113638424392605,0.5487590716826067,false,false,none
467,0.38503995561403354,0.4467398112603939,1.0175040729824454,0.947103832331397,false,false,none
468,0.28028011481081705,0.6299634240591889,0.4640877800189688,0.1840490474862625,false,false,none
469,0.2472096223741298,0.668689839273364,0.5290717739696739,0.16991010600738513,false,false,none
470,0.6694600134347933,0.23502766111317033,0.4730292013380965,0.7965846832780785,false,false,none
471,0.28028011481081705,0.6299634240591889,0.4640877800189688,0.1840490474862625,false,false,none
472,0.012320493089258753,0.9706663542994538,1.7208395623469819,0.2096775834386796,false,true,purifying
473,0.011411341300105746,0.9729466932517721,1.5413186433161998,0.18352166395612238,false,true,purifying
474,0.10734231286617356,0.7473628639215171,2.2779302850892744,1.1984257120438235,false,false,none
475,0.05489481130010843,0.9054728831427696,0.9341722063347015,0.17032756589129933,false,false,none
476,0.0970182055748371,0.7791281730713026,1.9261397212805087,0.9781382233051139,false,false,none
477,0.6510561707621038,0.23543799691209463,0.720263208718705,1.1248775699464448,false,false,none
478,0.45783798195237063,0.4465637697746391,0.550838974918809,0.43701665936711537,false,false,none
479,0.6622584757418329,0.23672298365912445,0.5135666601764719,0.8123749112362828,false,false,none
480,0.06051491709477592,0.8276737720370599,2.1233134135611444,1.0037086211234467,false,false,none
