start	end	topology_signature	newick
1	240	((((L0,L1),L2),(L3,L4)),(((L5,L6),L7),(L8,L9)))	((((t1:1,t2:1):1,t3:1):1,(t5:1,t4:1):1):1,((t8:1,(t7:1,t6:1):1):1,(t9:1,t10:1):1):1);
241	648	(((((((L0,L1),L2),L5),L6),L7),(L8,L9)),(L3,L4))	((t5:1,t4:1):1,((t8:1,(t7:1,(t6:1,((t1:1,t2:1):1,t3:1):1):1):1):1,(t9:1,t10:1):1):1);
649	912	((((((L0,L1),L2),L5),L6),(L3,L4)),((L8,L9),L7))	(((t5:1,t4:1):1,(t7:1,(t6:1,((t1:1,t2:1):1,t3:1):1):1):1):1,(t8:1,(t9:1,t10:1):1):1);
913	1056	(((((((L0,L1),L2),L5),L3),L4),L6),((L8,L9),L7))	(((t5:1,(t4:1,(t6:1,((t1:1,t2:1):1,t3:1):1):1):1):1,t7:1):1,(t8:1,(t9:1,t10:1):1):1);
1057	1248	(((((L3,L5),L4),L6),((L0,L1),L2)),((L8,L9),L7))	((((t1:1,t2:1):1,t3:1):1,((t5:1,(t4:1,t6:1):1):1,t7:1):1):1,(t8:1,(t9:1,t10:1):1):1);
1249	1392	((((L0,L1),L2),((L3,L4),(L5,L6))),((L8,L9),L7))	((((t1:1,t2:1):1,t3:1):1,((t5:1,t4:1):1,(t7:1,t6:1):1):1):1,(t8:1,(t9:1,t10:1):1):1);
1393	1560	((((((L0,L1),L2),L5),L6),L4),(((L8,L9),L3),L7))	((t5:1,(t7:1,(t6:1,((t1:1,t2:1):1,t3:1):1):1):1):1,(t8:1,((t9:1,t10:1):1,t4:1):1):1);
1561	1752	(((((((L0,L1),L2),L5),L6),L7),((L8,L9),L3)),L4)	(t5:1,((t8:1,(t7:1,(t6:1,((t1:1,t2:1):1,t3:1):1):1):1):1,((t9:1,t10:1):1,t4:1):1):1);
1753	2400	((((L0,L1),L2),L4),(((L5,L6),L7),((L8,L9),L3)))	((((t1:1,t2:1):1,t3:1):1,t5:1):1,((t8:1,(t7:1,t6:1):1):1,((t9:1,t10:1):1,t4:1):1):1);
