diversity,diversity_label,branch_length_scale,scenario,scenario_label,replicate,seed,taxa,sites,tolerance,true_breakpoints,approach,predicted_breakpoints,tp,fp,fn,precision,recall,f1,exact_count,localization_mae,localization_rmse,interval_coverage,mean_interval_width,topology_rf,wall_ms,fasttree_fresh_fits,status,simulation_ms,scan_ms,hmm_ms,merge_ms,rate_invariant_fraction,rate_q10,rate_median,rate_q90,rate_maximum,mean_pairwise_distance,pairwise_distance_q10,pairwise_distance_q90,variable_site_fraction,parsimony_informative_fraction,complete_case_fraction,mean_events_per_triplet,median_events_per_triplet,events_per_triplet_q10,events_per_triplet_q90,eligible_triplet_fraction
gard-low,GARD low-diversity regime (~5% target),0.12,null,No recombination,1,20260812,9,3000,60,,ranked-window,742;780;510;1001;1231;1209;2553;1448;1641;2321;1468;1888;697;1864;2115;2504;971;2167;2208;1950;1372;2490;2338;1399;2467;1194;1064;2435;1750;2524;2396;2682;1326;415;2695;950;1350;447;2271;481;674;2639;2411;912;1535;2100,0,46,0,0,,0,false,,,,,,14.566851999999926,0,complete,27.79630999999995,14.566851999999926,142.41545300000007,4.343655000000126,0.07633333333333336,0.022668795309222646,0.4741754840041479,2.768091356271851,16.674215621467106,0.043265298299558795,0.02587618105910789,0.0668782693984307,0.11933333333333333,0.061,0.9433333333333334,180.16666666666666,180.5,120.6,243.10000000000002,1
gard-low,GARD low-diversity regime (~5% target),0.12,null,No recombination,1,20260812,9,3000,60,,local-hmm-merged,1204;742;1464;1944;2589;2333;457,0,7,0,0,,0,false,,,,145.85714285714286,,161.32596000000012,0,complete,27.79630999999995,14.566851999999926,142.41545300000007,4.343655000000126,0.07633333333333336,0.022668795309222646,0.4741754840041479,2.768091356271851,16.674215621467106,0.043265298299558795,0.02587618105910789,0.0668782693984307,0.11933333333333333,0.061,0.9433333333333334,180.16666666666666,180.5,120.6,243.10000000000002,1
gard-low,GARD low-diversity regime (~5% target),0.12,null,No recombination,1,20260812,9,3000,60,,stepwise-aicc,,0,0,0,,,,true,,,,,0,3958.215257,15,complete,27.79630999999995,14.566851999999926,142.41545300000007,4.343655000000126,0.07633333333333336,0.022668795309222646,0.4741754840041479,2.768091356271851,16.674215621467106,0.043265298299558795,0.02587618105910789,0.0668782693984307,0.11933333333333333,0.061,0.9433333333333334,180.16666666666666,180.5,120.6,243.10000000000002,1
gard-low,GARD low-diversity regime (~5% target),0.12,null,No recombination,1,20260812,9,3000,60,,tree-hmm-aicc,,0,0,0,,,,true,,,,,0,4827.5537779999995,25,22 family trees; 3 unique topologies; 7 cached subset tests; 1 states; 0 refinements (not required); delta AICc 0.000; logL -6716.086 vs null -6716.086,27.79630999999995,14.566851999999926,142.41545300000007,4.343655000000126,0.07633333333333336,0.022668795309222646,0.4741754840041479,2.768091356271851,16.674215621467106,0.043265298299558795,0.02587618105910789,0.0668782693984307,0.11933333333333333,0.061,0.9433333333333334,180.16666666666666,180.5,120.6,243.10000000000002,1
gard-low,GARD low-diversity regime (~5% target),0.12,null,No recombination,1,20260812,9,3000,60,,oracle-aicc,,0,0,0,,,,true,,,,,0,0,0,No true breakpoint candidates; FastTree skipped.,27.79630999999995,14.566851999999926,142.41545300000007,4.343655000000126,0.07633333333333336,0.022668795309222646,0.4741754840041479,2.768091356271851,16.674215621467106,0.043265298299558795,0.02587618105910789,0.0668782693984307,0.11933333333333333,0.061,0.9433333333333334,180.16666666666666,180.5,120.6,243.10000000000002,1
gard-low,GARD low-diversity regime (~5% target),0.12,null,No recombination,1,20260812,9,3000,60,,single-tree,,,,,,,,,,,,,0,642.1539990000001,1,topology baseline,27.79630999999995,14.566851999999926,142.41545300000007,4.343655000000126,0.07633333333333336,0.022668795309222646,0.4741754840041479,2.768091356271851,16.674215621467106,0.043265298299558795,0.02587618105910789,0.0668782693984307,0.11933333333333333,0.061,0.9433333333333334,180.16666666666666,180.5,120.6,243.10000000000002,1
gard-low,GARD low-diversity regime (~5% target),0.12,null,No recombination,2,20358221,9,3000,60,,ranked-window,2214;1869;2820;1921;1545;2227;1901;1846;2574;2734;1888;1493;1084;2641;2621;1101;2316;2243;2523;975;1968;2555;2833;1670;2660;927;1815;2477;1329;1266;2791;2501;446;1621;1947;905;1447;2158;1731;2604;235;569;2749;1125;1315;633;713;1216;1638;1287;432;2276;2027;1474;2777;1992;740;2178;538,0,59,0,0,,0,false,,,,,,10.521138000000064,0,complete,24.979276000000027,10.521138000000064,60.712751000000935,4.684838999999556,0.07633333333333336,0.02462922988617211,0.5020636083366278,2.828620789917532,16.198044175692193,0.045549170079784554,0.024094155417942874,0.059268352704892655,0.13466666666666666,0.058,0.9566666666666667,192.5952380952381,193.5,159.6,225,1
gard-low,GARD low-diversity regime (~5% target),0.12,null,No recombination,2,20358221,9,3000,60,,local-hmm-merged,1876;1101;2660;1594;2227;446,0,6,0,0,,0,false,,,,102.5,,75.91872800000056,0,complete,24.979276000000027,10.521138000000064,60.712751000000935,4.684838999999556,0.07633333333333336,0.02462922988617211,0.5020636083366278,2.828620789917532,16.198044175692193,0.045549170079784554,0.024094155417942874,0.059268352704892655,0.13466666666666666,0.058,0.9566666666666667,192.5952380952381,193.5,159.6,225,1
gard-low,GARD low-diversity regime (~5% target),0.12,null,No recombination,2,20358221,9,3000,60,,stepwise-aicc,,0,0,0,,,,true,,,,,0,3435.597933000001,13,complete,24.979276000000027,10.521138000000064,60.712751000000935,4.684838999999556,0.07633333333333336,0.02462922988617211,0.5020636083366278,2.828620789917532,16.198044175692193,0.045549170079784554,0.024094155417942874,0.059268352704892655,0.13466666666666666,0.058,0.9566666666666667,192.5952380952381,193.5,159.6,225,1
gard-low,GARD low-diversity regime (~5% target),0.12,null,No recombination,2,20358221,9,3000,60,,tree-hmm-aicc,,0,0,0,,,,true,,,,,0,4660.503317000001,24,19 family trees; 5 unique topologies; 26 cached subset tests; 1 states; 0 refinements (not required); delta AICc 0.000; logL -7170.679 vs null -7170.679,24.979276000000027,10.521138000000064,60.712751000000935,4.684838999999556,0.07633333333333336,0.02462922988617211,0.5020636083366278,2.828620789917532,16.198044175692193,0.045549170079784554,0.024094155417942874,0.059268352704892655,0.13466666666666666,0.058,0.9566666666666667,192.5952380952381,193.5,159.6,225,1
gard-low,GARD low-diversity regime (~5% target),0.12,null,No recombination,2,20358221,9,3000,60,,oracle-aicc,,0,0,0,,,,true,,,,,0,0,0,No true breakpoint candidates; FastTree skipped.,24.979276000000027,10.521138000000064,60.712751000000935,4.684838999999556,0.07633333333333336,0.02462922988617211,0.5020636083366278,2.828620789917532,16.198044175692193,0.045549170079784554,0.024094155417942874,0.059268352704892655,0.13466666666666666,0.058,0.9566666666666667,192.5952380952381,193.5,159.6,225,1
gard-low,GARD low-diversity regime (~5% target),0.12,null,No recombination,2,20358221,9,3000,60,,single-tree,,,,,,,,,,,,,0,544.3091920000006,1,topology baseline,24.979276000000027,10.521138000000064,60.712751000000935,4.684838999999556,0.07633333333333336,0.02462922988617211,0.5020636083366278,2.828620789917532,16.198044175692193,0.045549170079784554,0.024094155417942874,0.059268352704892655,0.13466666666666666,0.058,0.9566666666666667,192.5952380952381,193.5,159.6,225,1
gard-low,GARD low-diversity regime (~5% target),0.12,null,No recombination,3,20455630,9,3000,60,,ranked-window,1749;796;2451;2472;1482;737;688;2767;1905;2670;1723;1331;703;1182;2250;2576;1434;2279;1248;1838;2504;2182;2141;2688;1384;769;2794;2607;825;839;2554;1307;2640;1883;753;1404;1147;416;941;718,0,40,0,0,,0,false,,,,,,3.8539899999996123,0,complete,11.271272999998473,3.8539899999996123,41.70181700000103,1.3752409999979136,0.08199999999999996,0.01732801663127462,0.49433492830349046,2.9063879246726825,17.500021938593402,0.0528765717538485,0.028460232547055257,0.06994867786759745,0.14233333333333334,0.08033333333333334,0.9466666666666667,220.83333333333334,229.5,159.5,259.7,1
gard-low,GARD low-diversity regime (~5% target),0.12,null,No recombination,3,20455630,9,3000,60,,local-hmm-merged,1794;2472;787;2767;1307;2157;1534,0,7,0,0,,0,false,,,,102.85714285714286,,46.931047999998555,0,complete,11.271272999998473,3.8539899999996123,41.70181700000103,1.3752409999979136,0.08199999999999996,0.01732801663127462,0.49433492830349046,2.9063879246726825,17.500021938593402,0.0528765717538485,0.028460232547055257,0.06994867786759745,0.14233333333333334,0.08033333333333334,0.9466666666666667,220.83333333333334,229.5,159.5,259.7,1
gard-low,GARD low-diversity regime (~5% target),0.12,null,No recombination,3,20455630,9,3000,60,,stepwise-aicc,,0,0,0,,,,true,,,,,0,4381.088126999999,15,complete,11.271272999998473,3.8539899999996123,41.70181700000103,1.3752409999979136,0.08199999999999996,0.01732801663127462,0.49433492830349046,2.9063879246726825,17.500021938593402,0.0528765717538485,0.028460232547055257,0.06994867786759745,0.14233333333333334,0.08033333333333334,0.9466666666666667,220.83333333333334,229.5,159.5,259.7,1
gard-low,GARD low-diversity regime (~5% target),0.12,null,No recombination,3,20455630,9,3000,60,,tree-hmm-aicc,,0,0,0,,,,true,,,,,0,5940.188248999995,28,22 family trees; 6 unique topologies; 43 cached subset tests; 1 states; 0 refinements (not required); delta AICc 0.000; logL -7245.896 vs null -7245.896,11.271272999998473,3.8539899999996123,41.70181700000103,1.3752409999979136,0.08199999999999996,0.01732801663127462,0.49433492830349046,2.9063879246726825,17.500021938593402,0.0528765717538485,0.028460232547055257,0.06994867786759745,0.14233333333333334,0.08033333333333334,0.9466666666666667,220.83333333333334,229.5,159.5,259.7,1
gard-low,GARD low-diversity regime (~5% target),0.12,null,No recombination,3,20455630,9,3000,60,,oracle-aicc,,0,0,0,,,,true,,,,,0,0,0,No true breakpoint candidates; FastTree skipped.,11.271272999998473,3.8539899999996123,41.70181700000103,1.3752409999979136,0.08199999999999996,0.01732801663127462,0.49433492830349046,2.9063879246726825,17.500021938593402,0.0528765717538485,0.028460232547055257,0.06994867786759745,0.14233333333333334,0.08033333333333334,0.9466666666666667,220.83333333333334,229.5,159.5,259.7,1
gard-low,GARD low-diversity regime (~5% target),0.12,null,No recombination,3,20455630,9,3000,60,,single-tree,,,,,,,,,,,,,0,695.230356,1,topology baseline,11.271272999998473,3.8539899999996123,41.70181700000103,1.3752409999979136,0.08199999999999996,0.01732801663127462,0.49433492830349046,2.9063879246726825,17.500021938593402,0.0528765717538485,0.028460232547055257,0.06994867786759745,0.14233333333333334,0.08033333333333334,0.9466666666666667,220.83333333333334,229.5,159.5,259.7,1
gard-low,GARD low-diversity regime (~5% target),0.12,one-break,1 breakpoint · 1 NNI,1,21260815,9,3000,60,1365,ranked-window,1389;424;373;1481;387;516;2200;841;1029;1318;575;892;2364;1128;1374;2216;1435;1350;2539;345;561;2508;1918;450;1449;1015;360;502;1673;1499;854;1046;1984;679;2524;2235;1854;661;1768;1148;1404;595;1463;703;2383;1292;1214;628;1953;2478;1331;2320;2017;2177,1,53,0,0.018518518518518517,1,0.03636363636363636,false,9,9,,,,2.156527000002825,0,complete,20.059213000000454,2.156527000002825,76.37194499999896,3.6372640000008687,0.07733333333333337,0.022308474134905713,0.5300278362769797,2.8333748325003336,14.799672697883807,0.04159429809066874,0.027581567440295995,0.05880160262655967,0.124,0.051333333333333335,0.9536666666666667,178.22619047619048,178.5,133.60000000000002,220.7,1
gard-low,GARD low-diversity regime (~5% target),0.12,one-break,1 breakpoint · 1 NNI,1,21260815,9,3000,60,1365,local-hmm-merged,381;1351;1028;2231;2508;1928;679;1664,1,7,0,0.125,1,0.2222222222222222,false,14,14,1,82.25,,82.16573600000265,0,complete,20.059213000000454,2.156527000002825,76.37194499999896,3.6372640000008687,0.07733333333333337,0.022308474134905713,0.5300278362769797,2.8333748325003336,14.799672697883807,0.04159429809066874,0.027581567440295995,0.05880160262655967,0.124,0.051333333333333335,0.9536666666666667,178.22619047619048,178.5,133.60000000000002,220.7,1
gard-low,GARD low-diversity regime (~5% target),0.12,one-break,1 breakpoint · 1 NNI,1,21260815,9,3000,60,1365,stepwise-aicc,1351,1,0,0,1,1,1,true,14,14,1,77,0.0007777777777777776,4750.438485000002,24,complete,20.059213000000454,2.156527000002825,76.37194499999896,3.6372640000008687,0.07733333333333337,0.022308474134905713,0.5300278362769797,2.8333748325003336,14.799672697883807,0.04159429809066874,0.027581567440295995,0.05880160262655967,0.124,0.051333333333333335,0.9536666666666667,178.22619047619048,178.5,133.60000000000002,220.7,1
gard-low,GARD low-diversity regime (~5% target),0.12,one-break,1 breakpoint · 1 NNI,1,21260815,9,3000,60,1365,tree-hmm-aicc,1450,0,1,1,0,0,0,true,,,1,138,0.0035469021484926403,10571.591691000001,36,25 family trees; 7 unique topologies; 3 cached subset tests; 2 states; 2 refinements (converged); delta AICc 50.011; logL -6884.001 vs null -6927.415,20.059213000000454,2.156527000002825,76.37194499999896,3.6372640000008687,0.07733333333333337,0.022308474134905713,0.5300278362769797,2.8333748325003336,14.799672697883807,0.04159429809066874,0.027581567440295995,0.05880160262655967,0.124,0.051333333333333335,0.9536666666666667,178.22619047619048,178.5,133.60000000000002,220.7,1
gard-low,GARD low-diversity regime (~5% target),0.12,one-break,1 breakpoint · 1 NNI,1,21260815,9,3000,60,1365,oracle-aicc,1365,1,0,0,1,1,1,true,0,0,,,0,2239.3075400000016,3,complete,20.059213000000454,2.156527000002825,76.37194499999896,3.6372640000008687,0.07733333333333337,0.022308474134905713,0.5300278362769797,2.8333748325003336,14.799672697883807,0.04159429809066874,0.027581567440295995,0.05880160262655967,0.124,0.051333333333333335,0.9536666666666667,178.22619047619048,178.5,133.60000000000002,220.7,1
gard-low,GARD low-diversity regime (~5% target),0.12,one-break,1 breakpoint · 1 NNI,1,21260815,9,3000,60,1365,single-tree,,,,,,,,,,,,,0.07583333333333334,934.3099360000015,1,topology baseline,20.059213000000454,2.156527000002825,76.37194499999896,3.6372640000008687,0.07733333333333337,0.022308474134905713,0.5300278362769797,2.8333748325003336,14.799672697883807,0.04159429809066874,0.027581567440295995,0.05880160262655967,0.124,0.051333333333333335,0.9536666666666667,178.22619047619048,178.5,133.60000000000002,220.7,1
gard-low,GARD low-diversity regime (~5% target),0.12,one-break,1 breakpoint · 1 NNI,2,21358224,9,3000,60,1368,ranked-window,1235;1161;1215;1252;1574;1143;539;883;2309;1513;1119;845;2200;2078;756;2024;1915;988;2285;2788;793;495;1348;1441;2182;1500;1268;2450;2100;616;423;2160;2710;1741;806;1458;1955;2344;1104;596;2669;2526,1,41,0,0.023809523809523808,1,0.046511627906976744,false,20,20,,,,4.022805000000517,0,complete,35.142401999997674,4.022805000000517,71.84879399999772,1.0903790000011213,0.08366666666666667,0.02418705354512291,0.47195760581314317,2.8162121477996513,16.86269132406329,0.0409624201301131,0.020734996628455835,0.05656605438158118,0.111,0.05733333333333333,0.9453333333333334,173.02380952380952,179.5,126.89999999999999,210.70000000000002,1
gard-low,GARD low-diversity regime (~5% target),0.12,one-break,1 breakpoint · 1 NNI,2,21358224,9,3000,60,1368,local-hmm-merged,1235;1530;795;2182,0,4,1,0,0,0,false,,,0,151.25,,76.96197799999936,0,complete,35.142401999997674,4.022805000000517,71.84879399999772,1.0903790000011213,0.08366666666666667,0.02418705354512291,0.47195760581314317,2.8162121477996513,16.86269132406329,0.0409624201301131,0.020734996628455835,0.05656605438158118,0.111,0.05733333333333333,0.9453333333333334,173.02380952380952,179.5,126.89999999999999,210.70000000000002,1
gard-low,GARD low-diversity regime (~5% target),0.12,one-break,1 breakpoint · 1 NNI,2,21358224,9,3000,60,1368,stepwise-aicc,1235,0,1,1,0,0,0,true,,,0,113,0.007388888888888888,2631.6792769999956,12,complete,35.142401999997674,4.022805000000517,71.84879399999772,1.0903790000011213,0.08366666666666667,0.02418705354512291,0.47195760581314317,2.8162121477996513,16.86269132406329,0.0409624201301131,0.020734996628455835,0.05656605438158118,0.111,0.05733333333333333,0.9453333333333334,173.02380952380952,179.5,126.89999999999999,210.70000000000002,1
gard-low,GARD low-diversity regime (~5% target),0.12,one-break,1 breakpoint · 1 NNI,2,21358224,9,3000,60,1368,tree-hmm-aicc,1338,1,0,0,1,1,1,true,30,30,1,85,0.017632688906753208,6532.122814999995,23,13 family trees; 4 unique topologies; 3 cached subset tests; 2 states; 2 refinements (converged); delta AICc 7.571; logL -6624.081 vs null -6646.276,35.142401999997674,4.022805000000517,71.84879399999772,1.0903790000011213,0.08366666666666667,0.02418705354512291,0.47195760581314317,2.8162121477996513,16.86269132406329,0.0409624201301131,0.020734996628455835,0.05656605438158118,0.111,0.05733333333333333,0.9453333333333334,173.02380952380952,179.5,126.89999999999999,210.70000000000002,1
gard-low,GARD low-diversity regime (~5% target),0.12,one-break,1 breakpoint · 1 NNI,2,21358224,9,3000,60,1368,oracle-aicc,1368,1,0,0,1,1,1,true,0,0,,,0,973.5233129999979,3,complete,35.142401999997674,4.022805000000517,71.84879399999772,1.0903790000011213,0.08366666666666667,0.02418705354512291,0.47195760581314317,2.8162121477996513,16.86269132406329,0.0409624201301131,0.020734996628455835,0.05656605438158118,0.111,0.05733333333333333,0.9453333333333334,173.02380952380952,179.5,126.89999999999999,210.70000000000002,1
gard-low,GARD low-diversity regime (~5% target),0.12,one-break,1 breakpoint · 1 NNI,2,21358224,9,3000,60,1368,single-tree,,,,,,,,,,,,,0.09066666666666667,690.4812280000042,1,topology baseline,35.142401999997674,4.022805000000517,71.84879399999772,1.0903790000011213,0.08366666666666667,0.02418705354512291,0.47195760581314317,2.8162121477996513,16.86269132406329,0.0409624201301131,0.020734996628455835,0.05656605438158118,0.111,0.05733333333333333,0.9453333333333334,173.02380952380952,179.5,126.89999999999999,210.70000000000002,1
gard-low,GARD low-diversity regime (~5% target),0.12,one-break,1 breakpoint · 1 NNI,3,21455633,9,3000,60,1436,ranked-window,1497;1931;1477;1859;2244;2315;2346;2217;1983;1099;1077;709;2133;2284;2178;1143;1768;2446;500;1227;1460;1211;2495;1118;2015;2516;556;470;1254;1446;1008;1555;323;2592;1198;660;1280;1876;1950;632;1299;580;1054;2412;2623;2149;450;1515;2561;1390;1696;1998,1,51,0,0.019230769230769232,1,0.03773584905660377,false,10,10,,,,2.5713980000000447,0,complete,26.645425000002433,2.5713980000000447,69.17443900000217,2.0439279999991413,0.08366666666666667,0.021305982618328043,0.47384824076616916,2.803406453024635,17.068508117474533,0.044388184355146965,0.02715021042014528,0.06087678587678588,0.11666666666666667,0.077,0.9516666666666667,185.96428571428572,193.5,143.3,220.60000000000002,1
gard-low,GARD low-diversity regime (~5% target),0.12,one-break,1 breakpoint · 1 NNI,3,21455633,9,3000,60,1436,local-hmm-merged,1477;1109;2316;1931;506;2621,1,5,0,0.16666666666666666,1,0.2857142857142857,false,41,41,1,94.16666666666667,,73.78976500000135,0,complete,26.645425000002433,2.5713980000000447,69.17443900000217,2.0439279999991413,0.08366666666666667,0.021305982618328043,0.47384824076616916,2.803406453024635,17.068508117474533,0.044388184355146965,0.02715021042014528,0.06087678587678588,0.11666666666666667,0.077,0.9516666666666667,185.96428571428572,193.5,143.3,220.60000000000002,1
gard-low,GARD low-diversity regime (~5% target),0.12,one-break,1 breakpoint · 1 NNI,3,21455633,9,3000,60,1436,stepwise-aicc,1477;1931;2316,1,2,0,0.3333333333333333,1,0.5,false,41,41,1,97.33333333333333,0.05272222222222222,3915.368208,21,complete,26.645425000002433,2.5713980000000447,69.17443900000217,2.0439279999991413,0.08366666666666667,0.021305982618328043,0.47384824076616916,2.803406453024635,17.068508117474533,0.044388184355146965,0.02715021042014528,0.06087678587678588,0.11666666666666667,0.077,0.9516666666666667,185.96428571428572,193.5,143.3,220.60000000000002,1
gard-low,GARD low-diversity regime (~5% target),0.12,one-break,1 breakpoint · 1 NNI,3,21455633,9,3000,60,1436,tree-hmm-aicc,1485,1,0,0,1,1,1,true,49,49,1,68,0.003685191149331482,5620.201188999999,26,19 family trees; 4 unique topologies; 3 cached subset tests; 2 states; 1 refinements (converged); delta AICc 155.575; logL -6762.606 vs null -6858.803,26.645425000002433,2.5713980000000447,69.17443900000217,2.0439279999991413,0.08366666666666667,0.021305982618328043,0.47384824076616916,2.803406453024635,17.068508117474533,0.044388184355146965,0.02715021042014528,0.06087678587678588,0.11666666666666667,0.077,0.9516666666666667,185.96428571428572,193.5,143.3,220.60000000000002,1
gard-low,GARD low-diversity regime (~5% target),0.12,one-break,1 breakpoint · 1 NNI,3,21455633,9,3000,60,1436,oracle-aicc,1436,1,0,0,1,1,1,true,0,0,,,0,1059.4624159999948,3,complete,26.645425000002433,2.5713980000000447,69.17443900000217,2.0439279999991413,0.08366666666666667,0.021305982618328043,0.47384824076616916,2.803406453024635,17.068508117474533,0.044388184355146965,0.02715021042014528,0.06087678587678588,0.11666666666666667,0.077,0.9516666666666667,185.96428571428572,193.5,143.3,220.60000000000002,1
gard-low,GARD low-diversity regime (~5% target),0.12,one-break,1 breakpoint · 1 NNI,3,21455633,9,3000,60,1436,single-tree,,,,,,,,,,,,,0.07977777777777777,565.9291159999993,1,topology baseline,26.645425000002433,2.5713980000000447,69.17443900000217,2.0439279999991413,0.08366666666666667,0.021305982618328043,0.47384824076616916,2.803406453024635,17.068508117474533,0.044388184355146965,0.02715021042014528,0.06087678587678588,0.11666666666666667,0.077,0.9516666666666667,185.96428571428572,193.5,143.3,220.60000000000002,1
gard-low,GARD low-diversity regime (~5% target),0.12,two-break,2 breakpoints · 1 NNI each,1,22260818,9,3000,60,1087;1942,ranked-window,2646;2659;2607;2630;2674;907;1313;2581;1554;1380;2083;1069;926;804;1328;1582;2689;2275;880;2332;2743;825;781;1055;2240;1186;1810;1300;1007;1769;618;1668;1440;1280;1403,1,34,1,0.02857142857142857,0.5,0.05405405405405406,false,18,18,,,,3.5545290000009118,0,complete,30.97604799999681,3.5545290000009118,69.83767500000249,0.97269999999844,0.08299999999999996,0.02216535559591794,0.4778771825430399,2.8679448371470806,14.035162064339687,0.03574221687365823,0.017341030632748486,0.0515156984265976,0.099,0.04666666666666667,0.95,151.5595238095238,159,112.2,179,1
gard-low,GARD low-diversity regime (~5% target),0.12,two-break,2 breakpoints · 1 NNI each,1,22260818,9,3000,60,1087;1942,local-hmm-merged,2668;926;1300,0,3,2,0,0,0,false,,,0,138,,74.36490400000184,0,complete,30.97604799999681,3.5545290000009118,69.83767500000249,0.97269999999844,0.08299999999999996,0.02216535559591794,0.4778771825430399,2.8679448371470806,14.035162064339687,0.03574221687365823,0.017341030632748486,0.0515156984265976,0.099,0.04666666666666667,0.95,151.5595238095238,159,112.2,179,1
gard-low,GARD low-diversity regime (~5% target),0.12,two-break,2 breakpoints · 1 NNI each,1,22260818,9,3000,60,1087;1942,stepwise-aicc,926;1300,0,2,2,0,0,0,true,,,0,155.5,0.044611111111111115,2137.7628540000005,9,complete,30.97604799999681,3.5545290000009118,69.83767500000249,0.97269999999844,0.08299999999999996,0.02216535559591794,0.4778771825430399,2.8679448371470806,14.035162064339687,0.03574221687365823,0.017341030632748486,0.0515156984265976,0.099,0.04666666666666667,0.95,151.5595238095238,159,112.2,179,1
gard-low,GARD low-diversity regime (~5% target),0.12,two-break,2 breakpoints · 1 NNI each,1,22260818,9,3000,60,1087;1942,tree-hmm-aicc,,0,0,2,,0,0,false,,,,,0.1078888888888895,3272.3940830000065,13,10 family trees; 3 unique topologies; 7 cached subset tests; 1 states; 0 refinements (not required); delta AICc 0.000; logL -6382.608 vs null -6382.608,30.97604799999681,3.5545290000009118,69.83767500000249,0.97269999999844,0.08299999999999996,0.02216535559591794,0.4778771825430399,2.8679448371470806,14.035162064339687,0.03574221687365823,0.017341030632748486,0.0515156984265976,0.099,0.04666666666666667,0.95,151.5595238095238,159,112.2,179,1
gard-low,GARD low-diversity regime (~5% target),0.12,two-break,2 breakpoints · 1 NNI each,1,22260818,9,3000,60,1087;1942,oracle-aicc,1942,1,0,1,1,0.5,0.6666666666666666,false,0,0,,,0.06038888888888889,1527.7615210000076,6,complete,30.97604799999681,3.5545290000009118,69.83767500000249,0.97269999999844,0.08299999999999996,0.02216535559591794,0.4778771825430399,2.8679448371470806,14.035162064339687,0.03574221687365823,0.017341030632748486,0.0515156984265976,0.099,0.04666666666666667,0.95,151.5595238095238,159,112.2,179,1
gard-low,GARD low-diversity regime (~5% target),0.12,two-break,2 breakpoints · 1 NNI each,1,22260818,9,3000,60,1087;1942,single-tree,,,,,,,,,,,,,0.10788888888888888,577.2096850000089,1,topology baseline,30.97604799999681,3.5545290000009118,69.83767500000249,0.97269999999844,0.08299999999999996,0.02216535559591794,0.4778771825430399,2.8679448371470806,14.035162064339687,0.03574221687365823,0.017341030632748486,0.0515156984265976,0.099,0.04666666666666667,0.95,151.5595238095238,159,112.2,179,1
gard-low,GARD low-diversity regime (~5% target),0.12,two-break,2 breakpoints · 1 NNI each,2,22358227,9,3000,60,936;1901,ranked-window,847;1554;884;1885;2194;915;2263;2360;2226;667;1290;2170;2406;712;1966;961;1395;2462;2015;1221;1841;936;831;2388;1111;2148;1907;863;1048;1808;410;2243;2101;1084;504;739;2440;2213;1127;1762;783;2028;2423;1354;484;1505;1340;1012;2579;2485;1206;334;2631;2278;758,2,53,0,0.03636363636363636,1,0.07017543859649122,false,3,4.242640687119285,,,,15.409814999991795,0,complete,16.726267999998527,15.409814999991795,66.06512899999507,2.7384710000042105,0.08099999999999996,0.01984242909804753,0.49104017112256,2.936019868548673,15.429228345222766,0.04201457729168748,0.024570851565129587,0.06364277698933958,0.125,0.05,0.9473333333333334,176.47619047619048,176,121.5,231.4,1
gard-low,GARD low-diversity regime (~5% target),0.12,two-break,2 breakpoints · 1 NNI each,2,22358227,9,3000,60,936;1901,local-hmm-merged,1892;874;2212;2467;1226;410,1,5,1,0.16666666666666666,0.5,0.25,false,9,9,1,151.66666666666666,,84.21341499999107,0,complete,16.726267999998527,15.409814999991795,66.06512899999507,2.7384710000042105,0.08099999999999996,0.01984242909804753,0.49104017112256,2.936019868548673,15.429228345222766,0.04201457729168748,0.024570851565129587,0.06364277698933958,0.125,0.05,0.9473333333333334,176.47619047619048,176,121.5,231.4,1
gard-low,GARD low-diversity regime (~5% target),0.12,two-break,2 breakpoints · 1 NNI each,2,22358227,9,3000,60,936;1901,stepwise-aicc,874;1892,1,1,1,0.5,0.5,0.5,true,9,9,1,303.5,0.003944444444444444,4022.404590999984,21,complete,16.726267999998527,15.409814999991795,66.06512899999507,2.7384710000042105,0.08099999999999996,0.01984242909804753,0.49104017112256,2.936019868548673,15.429228345222766,0.04201457729168748,0.024570851565129587,0.06364277698933958,0.125,0.05,0.9473333333333334,176.47619047619048,176,121.5,231.4,1
gard-low,GARD low-diversity regime (~5% target),0.12,two-break,2 breakpoints · 1 NNI each,2,22358227,9,3000,60,936;1901,tree-hmm-aicc,1081,0,1,2,0,0,0,false,,,0,218,0.05513329333224444,7280.635762999998,30,19 family trees; 5 unique topologies; 3 cached subset tests; 2 states; 2 refinements (converged); delta AICc 33.895; logL -6921.339 vs null -6956.695,16.726267999998527,15.409814999991795,66.06512899999507,2.7384710000042105,0.08099999999999996,0.01984242909804753,0.49104017112256,2.936019868548673,15.429228345222766,0.04201457729168748,0.024570851565129587,0.06364277698933958,0.125,0.05,0.9473333333333334,176.47619047619048,176,121.5,231.4,1
gard-low,GARD low-diversity regime (~5% target),0.12,two-break,2 breakpoints · 1 NNI each,2,22358227,9,3000,60,936;1901,oracle-aicc,936;1901,2,0,0,1,1,1,true,0,0,,,0.0536111111111111,1600.696179999999,6,complete,16.726267999998527,15.409814999991795,66.06512899999507,2.7384710000042105,0.08099999999999996,0.01984242909804753,0.49104017112256,2.936019868548673,15.429228345222766,0.04201457729168748,0.024570851565129587,0.06364277698933958,0.125,0.05,0.9473333333333334,176.47619047619048,176,121.5,231.4,1
gard-low,GARD low-diversity regime (~5% target),0.12,two-break,2 breakpoints · 1 NNI each,2,22358227,9,3000,60,936;1901,single-tree,,,,,,,,,,,,,0.15761111111111112,658.7592549999972,1,topology baseline,16.726267999998527,15.409814999991795,66.06512899999507,2.7384710000042105,0.08099999999999996,0.01984242909804753,0.49104017112256,2.936019868548673,15.429228345222766,0.04201457729168748,0.024570851565129587,0.06364277698933958,0.125,0.05,0.9473333333333334,176.47619047619048,176,121.5,231.4,1
gard-low,GARD low-diversity regime (~5% target),0.12,two-break,2 breakpoints · 1 NNI each,3,22455636,9,3000,60,983;1994,ranked-window,2405;959;1818;2166;900;2182;2616;2431;1217;2465;944;1676;1145;1903;1947;1231;2153;1749;2663;1248;1048;1068;1932;1595;2235;1183;358;2581;404;2331;845;689;1517;388;1970;2081;1577;165;2650;192;1311;1342;1024;1268;1158;1401;559;1379;2448;828;222;1611;1295;1998;1804;1718;719;582;778,2,57,0,0.03389830508474576,1,0.06557377049180328,false,14,17.204650534085253,,,,8.6021999999939,0,complete,20.3726059999899,8.6021999999939,73.75436700000137,2.215007999999216,0.08266666666666667,0.025601374838149525,0.48745526873955025,2.8904363247636526,15.527850480329578,0.050174079041489704,0.02527397628949357,0.06770228083297608,0.12866666666666668,0.07966666666666666,0.954,207.27380952380952,211,172,252,1
gard-low,GARD low-diversity regime (~5% target),0.12,two-break,2 breakpoints · 1 NNI each,3,22455636,9,3000,60,983;1994,local-hmm-merged,942;1217;1932;2424;1676;2182;377,1,6,1,0.14285714285714285,0.5,0.2222222222222222,false,41,41,0,113.85714285714286,,84.57157499999448,0,complete,20.3726059999899,8.6021999999939,73.75436700000137,2.215007999999216,0.08266666666666667,0.025601374838149525,0.48745526873955025,2.8904363247636526,15.527850480329578,0.050174079041489704,0.02527397628949357,0.06770228083297608,0.12866666666666668,0.07966666666666666,0.954,207.27380952380952,211,172,252,1
gard-low,GARD low-diversity regime (~5% target),0.12,two-break,2 breakpoints · 1 NNI each,3,22455636,9,3000,60,983;1994,stepwise-aicc,942;1676;1932,1,2,1,0.3333333333333333,0.5,0.4,false,41,41,0,117.66666666666667,0.034166666666666665,5126.554386000003,26,complete,20.3726059999899,8.6021999999939,73.75436700000137,2.215007999999216,0.08266666666666667,0.025601374838149525,0.48745526873955025,2.8904363247636526,15.527850480329578,0.050174079041489704,0.02527397628949357,0.06770228083297608,0.12866666666666668,0.07966666666666666,0.954,207.27380952380952,211,172,252,1
gard-low,GARD low-diversity regime (~5% target),0.12,two-break,2 breakpoints · 1 NNI each,3,22455636,9,3000,60,983;1994,tree-hmm-aicc,954;1885,1,1,1,0.5,0.5,0.5,true,29,29,1,225,0.006584659875825124,8442.548008999991,33,22 family trees; 6 unique topologies; 7 cached subset tests; 3 states; 1 refinements (converged); delta AICc 44.399; logL -7060.264 vs null -7118.466,20.3726059999899,8.6021999999939,73.75436700000137,2.215007999999216,0.08266666666666667,0.025601374838149525,0.48745526873955025,2.8904363247636526,15.527850480329578,0.050174079041489704,0.02527397628949357,0.06770228083297608,0.12866666666666668,0.07966666666666666,0.954,207.27380952380952,211,172,252,1
gard-low,GARD low-diversity regime (~5% target),0.12,two-break,2 breakpoints · 1 NNI each,3,22455636,9,3000,60,983;1994,oracle-aicc,983;1994,2,0,0,1,1,1,true,0,0,,,0,1788.8395390000078,6,complete,20.3726059999899,8.6021999999939,73.75436700000137,2.215007999999216,0.08266666666666667,0.025601374838149525,0.48745526873955025,2.8904363247636526,15.527850480329578,0.050174079041489704,0.02527397628949357,0.06770228083297608,0.12866666666666668,0.07966666666666666,0.954,207.27380952380952,211,172,252,1
gard-low,GARD low-diversity regime (~5% target),0.12,two-break,2 breakpoints · 1 NNI each,3,22455636,9,3000,60,983;1994,single-tree,,,,,,,,,,,,,0.1105,557.7340400000103,1,topology baseline,20.3726059999899,8.6021999999939,73.75436700000137,2.215007999999216,0.08266666666666667,0.025601374838149525,0.48745526873955025,2.8904363247636526,15.527850480329578,0.050174079041489704,0.02527397628949357,0.06770228083297608,0.12866666666666668,0.07966666666666666,0.954,207.27380952380952,211,172,252,1
gard-low,GARD low-diversity regime (~5% target),0.12,three-break,3 breakpoints · 1 NNI each,1,23260821,9,3000,60,794;1570;2315,ranked-window,962;995;1490;859;1674;2052;548;2299;978;1217;1695;1009;2219;453;348;2160;1454;1098;2271;2692;2596;1614;2411;1202;2557;2376;620;2392;2285;2538;2102;435,2,30,1,0.0625,0.6666666666666666,0.11428571428571428,false,30,33.1058907144937,,,,10.332922000001417,0,complete,21.51046399999177,10.332922000001417,59.45965299999807,0.7426009999908274,0.07666666666666666,0.021991600890833962,0.4709346572847132,2.81724443741252,14.886574746108844,0.052609088511963026,0.020702198488420254,0.0837562986715529,0.13366666666666666,0.07533333333333334,0.9426666666666667,219.97619047619048,232.5,130.2,267.1,1
gard-low,GARD low-diversity regime (~5% target),0.12,three-break,3 breakpoints · 1 NNI each,1,23260821,9,3000,60,794;1570;2315,local-hmm-merged,995;520;1674;2411;1239,0,5,3,0,0,0,false,,,0,76.4,,70.53517599999032,0,complete,21.51046399999177,10.332922000001417,59.45965299999807,0.7426009999908274,0.07666666666666666,0.021991600890833962,0.4709346572847132,2.81724443741252,14.886574746108844,0.052609088511963026,0.020702198488420254,0.0837562986715529,0.13366666666666666,0.07533333333333334,0.9426666666666667,219.97619047619048,232.5,130.2,267.1,1
gard-low,GARD low-diversity regime (~5% target),0.12,three-break,3 breakpoints · 1 NNI each,1,23260821,9,3000,60,794;1570;2315,stepwise-aicc,1674,0,1,3,0,0,0,false,,,0,52,0.09027777777777778,3455.789844999992,15,complete,21.51046399999177,10.332922000001417,59.45965299999807,0.7426009999908274,0.07666666666666666,0.021991600890833962,0.4709346572847132,2.81724443741252,14.886574746108844,0.052609088511963026,0.020702198488420254,0.0837562986715529,0.13366666666666666,0.07533333333333334,0.9426666666666667,219.97619047619048,232.5,130.2,267.1,1
gard-low,GARD low-diversity regime (~5% target),0.12,three-break,3 breakpoints · 1 NNI each,1,23260821,9,3000,60,794;1570;2315,tree-hmm-aicc,1617,1,0,2,1,0.3333333333333333,0.5,false,47,47,0.3333333333333333,173,0.09019136859273391,10681.966665,30,16 family trees; 6 unique topologies; 7 cached subset tests; 2 states; 2 refinements (converged); delta AICc 49.515; logL -6988.626 vs null -7031.793,21.51046399999177,10.332922000001417,59.45965299999807,0.7426009999908274,0.07666666666666666,0.021991600890833962,0.4709346572847132,2.81724443741252,14.886574746108844,0.052609088511963026,0.020702198488420254,0.0837562986715529,0.13366666666666666,0.07533333333333334,0.9426666666666667,219.97619047619048,232.5,130.2,267.1,1
gard-low,GARD low-diversity regime (~5% target),0.12,three-break,3 breakpoints · 1 NNI each,1,23260821,9,3000,60,794;1570;2315,oracle-aicc,1570,1,0,2,1,0.3333333333333333,0.5,false,0,0,,,0.08449999999999999,2918.8852929999994,9,complete,21.51046399999177,10.332922000001417,59.45965299999807,0.7426009999908274,0.07666666666666666,0.021991600890833962,0.4709346572847132,2.81724443741252,14.886574746108844,0.052609088511963026,0.020702198488420254,0.0837562986715529,0.13366666666666666,0.07533333333333334,0.9426666666666667,219.97619047619048,232.5,130.2,267.1,1
gard-low,GARD low-diversity regime (~5% target),0.12,three-break,3 breakpoints · 1 NNI each,1,23260821,9,3000,60,794;1570;2315,single-tree,,,,,,,,,,,,,0.16938888888888887,693.6383599999972,1,topology baseline,21.51046399999177,10.332922000001417,59.45965299999807,0.7426009999908274,0.07666666666666666,0.021991600890833962,0.4709346572847132,2.81724443741252,14.886574746108844,0.052609088511963026,0.020702198488420254,0.0837562986715529,0.13366666666666666,0.07533333333333334,0.9426666666666667,219.97619047619048,232.5,130.2,267.1,1
gard-low,GARD low-diversity regime (~5% target),0.12,three-break,3 breakpoints · 1 NNI each,2,23358230,9,3000,60,683;1538;2321,ranked-window,1942;2270;2244;1687;980;940;1094;2311;2297;994;1795;2556;2005;1780;1225;2645;1145;1442;2257;1616;2200;893;1913;2225;1715;529;495;1575;514;1212;1700;571;1260;1397;1055;1118;749;1888;2325;2488;1341;1857;1023;1039;2530;544;636;2472;604;2369;963;2445;791;2543;1186;2575;1986;2411;1636;1302;1242;1274;1663;877,3,61,0,0.046875,1,0.08955223880597014,false,29.333333333333332,34.61213659975356,,,,2.817725999993854,0,complete,25.983615000004647,2.817725999993854,134.0475429999933,16.799600999991526,0.08266666666666667,0.024691491710097466,0.49726351486118614,2.88616137907545,18.103617179661384,0.04128536592743833,0.030903236226169938,0.051491530881190614,0.12733333333333333,0.051,0.944,173.53571428571428,172.5,144.3,205.7,1
gard-low,GARD low-diversity regime (~5% target),0.12,three-break,3 breakpoints · 1 NNI each,2,23358230,9,3000,60,683;1538;2321,local-hmm-merged,973;2257;1936;1212;514;1616;2556,0,7,3,0,0,0,false,,,0,64.85714285714286,,153.6648699999787,0,complete,25.983615000004647,2.817725999993854,134.0475429999933,16.799600999991526,0.08266666666666667,0.024691491710097466,0.49726351486118614,2.88616137907545,18.103617179661384,0.04128536592743833,0.030903236226169938,0.051491530881190614,0.12733333333333333,0.051,0.944,173.53571428571428,172.5,144.3,205.7,1
gard-low,GARD low-diversity regime (~5% target),0.12,three-break,3 breakpoints · 1 NNI each,2,23358230,9,3000,60,683;1538;2321,stepwise-aicc,514;1212,0,2,3,0,0,0,false,,,0,96,0.071,5872.912587999977,26,complete,25.983615000004647,2.817725999993854,134.0475429999933,16.799600999991526,0.08266666666666667,0.024691491710097466,0.49726351486118614,2.88616137907545,18.103617179661384,0.04128536592743833,0.030903236226169938,0.051491530881190614,0.12733333333333333,0.051,0.944,173.53571428571428,172.5,144.3,205.7,1
gard-low,GARD low-diversity regime (~5% target),0.12,three-break,3 breakpoints · 1 NNI each,2,23358230,9,3000,60,683;1538;2321,tree-hmm-aicc,,0,0,3,,0,0,false,,,,,0.11916666666666856,8785.12281499998,32,22 family trees; 10 unique topologies; 146 cached subset tests; 1 states; 0 refinements (not required); delta AICc 0.000; logL -6967.558 vs null -6967.558,25.983615000004647,2.817725999993854,134.0475429999933,16.799600999991526,0.08266666666666667,0.024691491710097466,0.49726351486118614,2.88616137907545,18.103617179661384,0.04128536592743833,0.030903236226169938,0.051491530881190614,0.12733333333333333,0.051,0.944,173.53571428571428,172.5,144.3,205.7,1
gard-low,GARD low-diversity regime (~5% target),0.12,three-break,3 breakpoints · 1 NNI each,2,23358230,9,3000,60,683;1538;2321,oracle-aicc,683,1,0,2,1,0.3333333333333333,0.5,false,0,0,,,0.091,2368.5629210000043,9,complete,25.983615000004647,2.817725999993854,134.0475429999933,16.799600999991526,0.08266666666666667,0.024691491710097466,0.49726351486118614,2.88616137907545,18.103617179661384,0.04128536592743833,0.030903236226169938,0.051491530881190614,0.12733333333333333,0.051,0.944,173.53571428571428,172.5,144.3,205.7,1
gard-low,GARD low-diversity regime (~5% target),0.12,three-break,3 breakpoints · 1 NNI each,2,23358230,9,3000,60,683;1538;2321,single-tree,,,,,,,,,,,,,0.11916666666666667,691.4316740000068,1,topology baseline,25.983615000004647,2.817725999993854,134.0475429999933,16.799600999991526,0.08266666666666667,0.024691491710097466,0.49726351486118614,2.88616137907545,18.103617179661384,0.04128536592743833,0.030903236226169938,0.051491530881190614,0.12733333333333333,0.051,0.944,173.53571428571428,172.5,144.3,205.7,1
gard-low,GARD low-diversity regime (~5% target),0.12,three-break,3 breakpoints · 1 NNI each,3,23455639,9,3000,60,684;1522;2296,ranked-window,2376;1281;2287;1199;2350;2006;2251;2274;751;2629;2565;2483;1601;2092;2311;773;1087;2328;1252;1854;709;1977;1832;2606;2424;1472;2529;668;1795;2501;585;1525;1695;1152;2578;1644;1955;2031;301;2074;626;2552;644;537;1920,3,42,0,0.06666666666666667,1,0.125,false,9.333333333333334,10.739335795724674,,,,2.9939160000067204,0,complete,29.319882000010693,2.9939160000067204,250.92398600000888,9.269789000012679,0.07899999999999996,0.023655184725840744,0.44945207496953954,2.8560017865069818,18.06352803600791,0.04716576900014216,0.02731428984688524,0.06692510249052108,0.131,0.07233333333333333,0.9496666666666667,197.58333333333334,208,138,247.7,1
gard-low,GARD low-diversity regime (~5% target),0.12,three-break,3 breakpoints · 1 NNI each,3,23455639,9,3000,60,684;1522;2296,local-hmm-merged,2311;749;1281;2031;2573;1525,2,4,1,0.3333333333333333,0.6666666666666666,0.4444444444444444,false,9,10.816653826391969,0.6666666666666666,96.33333333333333,,263.1876910000283,0,complete,29.319882000010693,2.9939160000067204,250.92398600000888,9.269789000012679,0.07899999999999996,0.023655184725840744,0.44945207496953954,2.8560017865069818,18.06352803600791,0.04716576900014216,0.02731428984688524,0.06692510249052108,0.131,0.07233333333333333,0.9496666666666667,197.58333333333334,208,138,247.7,1
gard-low,GARD low-diversity regime (~5% target),0.12,three-break,3 breakpoints · 1 NNI each,3,23455639,9,3000,60,684;1522;2296,stepwise-aicc,,0,0,3,,0,0,false,,,,,0.17166666666666666,3496.7684110000264,13,complete,29.319882000010693,2.9939160000067204,250.92398600000888,9.269789000012679,0.07899999999999996,0.023655184725840744,0.44945207496953954,2.8560017865069818,18.06352803600791,0.04716576900014216,0.02731428984688524,0.06692510249052108,0.131,0.07233333333333333,0.9496666666666667,197.58333333333334,208,138,247.7,1
gard-low,GARD low-diversity regime (~5% target),0.12,three-break,3 breakpoints · 1 NNI each,3,23455639,9,3000,60,684;1522;2296,tree-hmm-aicc,,0,0,3,,0,0,false,,,,,0.17166666666666944,6083.0743510000175,24,19 family trees; 5 unique topologies; 28 cached subset tests; 1 states; 0 refinements (not required); delta AICc 0.000; logL -7073.114 vs null -7073.114,29.319882000010693,2.9939160000067204,250.92398600000888,9.269789000012679,0.07899999999999996,0.023655184725840744,0.44945207496953954,2.8560017865069818,18.06352803600791,0.04716576900014216,0.02731428984688524,0.06692510249052108,0.131,0.07233333333333333,0.9496666666666667,197.58333333333334,208,138,247.7,1
gard-low,GARD low-diversity regime (~5% target),0.12,three-break,3 breakpoints · 1 NNI each,3,23455639,9,3000,60,684;1522;2296,oracle-aicc,,0,0,3,,0,0,false,,,,,0.17166666666666666,1909.5672290000075,7,complete,29.319882000010693,2.9939160000067204,250.92398600000888,9.269789000012679,0.07899999999999996,0.023655184725840744,0.44945207496953954,2.8560017865069818,18.06352803600791,0.04716576900014216,0.02731428984688524,0.06692510249052108,0.131,0.07233333333333333,0.9496666666666667,197.58333333333334,208,138,247.7,1
gard-low,GARD low-diversity regime (~5% target),0.12,three-break,3 breakpoints · 1 NNI each,3,23455639,9,3000,60,684;1522;2296,single-tree,,,,,,,,,,,,,0.17166666666666666,708.6595979999984,1,topology baseline,29.319882000010693,2.9939160000067204,250.92398600000888,9.269789000012679,0.07899999999999996,0.023655184725840744,0.44945207496953954,2.8560017865069818,18.06352803600791,0.04716576900014216,0.02731428984688524,0.06692510249052108,0.131,0.07233333333333333,0.9496666666666667,197.58333333333334,208,138,247.7,1
gard-high,GARD high-diversity regime (~25% target),1.2,null,No recombination,1,20260812,9,3000,60,,ranked-window,269;493;2573;315;1961;637;1944;2542;1347;2444;1518;1893;2590;2468;702;1879;1609;1186;2644;202;1466;420;2624;1272;623;2352;1442;2767;2663;1548;1860;2061;225;2851;2419;2123;834;1573;2498;1647;1594;2868;1843;914;512;2528;143;2385;2485;1988;87;403;1427;2315;1928;1532;2274;1158;2740;2261;1734;895;543;2091,0,64,0,0,,0,false,,,,,,33.23402000000351,0,complete,13.923502999998163,33.23402000000351,270.1124790000031,7.655101999989711,0.07633333333333336,0.022668795309222646,0.4741754840041479,2.768091356271851,16.674215621467106,0.235223754272345,0.1799682981688217,0.3017533509412986,0.481,0.3496666666666667,0.9446666666666667,820.8214285714286,825.5,662.9000000000001,933.4000000000001,1
gard-high,GARD high-diversity regime (~25% target),1.2,null,No recombination,1,20260812,9,3000,60,,local-hmm-merged,1886;1603;2651;1447;2481;415;210;1192;2099;635;796,0,11,0,0,,0,false,,,,35.72727272727273,,311.0016009999963,0,complete,13.923502999998163,33.23402000000351,270.1124790000031,7.655101999989711,0.07633333333333336,0.022668795309222646,0.4741754840041479,2.768091356271851,16.674215621467106,0.235223754272345,0.1799682981688217,0.3017533509412986,0.481,0.3496666666666667,0.9446666666666667,820.8214285714286,825.5,662.9000000000001,933.4000000000001,1
gard-high,GARD high-diversity regime (~25% target),1.2,null,No recombination,1,20260812,9,3000,60,,stepwise-aicc,,0,0,0,,,,true,,,,,0,7130.965064999997,23,complete,13.923502999998163,33.23402000000351,270.1124790000031,7.655101999989711,0.07633333333333336,0.022668795309222646,0.4741754840041479,2.768091356271851,16.674215621467106,0.235223754272345,0.1799682981688217,0.3017533509412986,0.481,0.3496666666666667,0.9446666666666667,820.8214285714286,825.5,662.9000000000001,933.4000000000001,1
gard-high,GARD high-diversity regime (~25% target),1.2,null,No recombination,1,20260812,9,3000,60,,tree-hmm-aicc,,0,0,0,,,,true,,,,,0,5819.104525999981,37,34 family trees; 3 unique topologies; 7 cached subset tests; 1 states; 0 refinements (not required); delta AICc 0.000; logL -16101.838 vs null -16101.838,13.923502999998163,33.23402000000351,270.1124790000031,7.655101999989711,0.07633333333333336,0.022668795309222646,0.4741754840041479,2.768091356271851,16.674215621467106,0.235223754272345,0.1799682981688217,0.3017533509412986,0.481,0.3496666666666667,0.9446666666666667,820.8214285714286,825.5,662.9000000000001,933.4000000000001,1
gard-high,GARD high-diversity regime (~25% target),1.2,null,No recombination,1,20260812,9,3000,60,,oracle-aicc,,0,0,0,,,,true,,,,,0,0,0,No true breakpoint candidates; FastTree skipped.,13.923502999998163,33.23402000000351,270.1124790000031,7.655101999989711,0.07633333333333336,0.022668795309222646,0.4741754840041479,2.768091356271851,16.674215621467106,0.235223754272345,0.1799682981688217,0.3017533509412986,0.481,0.3496666666666667,0.9446666666666667,820.8214285714286,825.5,662.9000000000001,933.4000000000001,1
gard-high,GARD high-diversity regime (~25% target),1.2,null,No recombination,1,20260812,9,3000,60,,single-tree,,,,,,,,,,,,,0,706.5175850000232,1,topology baseline,13.923502999998163,33.23402000000351,270.1124790000031,7.655101999989711,0.07633333333333336,0.022668795309222646,0.4741754840041479,2.768091356271851,16.674215621467106,0.235223754272345,0.1799682981688217,0.3017533509412986,0.481,0.3496666666666667,0.9446666666666667,820.8214285714286,825.5,662.9000000000001,933.4000000000001,1
gard-high,GARD high-diversity regime (~25% target),1.2,null,No recombination,2,20358221,9,3000,60,,ranked-window,2535;1720;1053;1812;2687;1883;2274;174;1452;1270;2570;2610;2400;688;2841;362;1799;2449;383;2858;728;2311;2651;1284;2374;465;1741;2294;2517;1385;313;1478;591;1848;1626;2666;1034;1077;2013;1526;205;806;554;708;247;2227;2728;2259;2347;261;136;1584;1149;1986;2808;1098;1365;2136;2242;2871;2929;2628;1346;1403,0,64,0,0,,0,false,,,,,,44.97156099998392,0,complete,24.056649999984074,44.97156099998392,293.23397999998997,4.227848000009544,0.07633333333333336,0.02462922988617211,0.5020636083366278,2.828620789917532,16.198044175692193,0.23521391733182945,0.1671425891454699,0.27348589079101054,0.4886666666666667,0.325,0.9586666666666667,815.7142857142857,818.5,743.1,886.6999999999999,1
gard-high,GARD high-diversity regime (~25% target),1.2,null,No recombination,2,20358221,9,3000,60,,local-hmm-merged,1727;177;2645;1046;1452;2311;1272;2844;707;374;1884;2142;554,0,13,0,0,,0,false,,,,30.076923076923077,,342.43338899998344,0,complete,24.056649999984074,44.97156099998392,293.23397999998997,4.227848000009544,0.07633333333333336,0.02462922988617211,0.5020636083366278,2.828620789917532,16.198044175692193,0.23521391733182945,0.1671425891454699,0.27348589079101054,0.4886666666666667,0.325,0.9586666666666667,815.7142857142857,818.5,743.1,886.6999999999999,1
gard-high,GARD high-diversity regime (~25% target),1.2,null,No recombination,2,20358221,9,3000,60,,stepwise-aicc,2645,0,1,0,0,,0,false,,,,46,0,9936.89889099999,39,complete,24.056649999984074,44.97156099998392,293.23397999998997,4.227848000009544,0.07633333333333336,0.02462922988617211,0.5020636083366278,2.828620789917532,16.198044175692193,0.23521391733182945,0.1671425891454699,0.27348589079101054,0.4886666666666667,0.325,0.9586666666666667,815.7142857142857,818.5,743.1,886.6999999999999,1
gard-high,GARD high-diversity regime (~25% target),1.2,null,No recombination,2,20358221,9,3000,60,,tree-hmm-aicc,,0,0,0,,,,true,,,,,0,6564.641395999992,44,40 family trees; 4 unique topologies; 15 cached subset tests; 1 states; 0 refinements (not required); delta AICc 0.000; logL -17008.489 vs null -17008.489,24.056649999984074,44.97156099998392,293.23397999998997,4.227848000009544,0.07633333333333336,0.02462922988617211,0.5020636083366278,2.828620789917532,16.198044175692193,0.23521391733182945,0.1671425891454699,0.27348589079101054,0.4886666666666667,0.325,0.9586666666666667,815.7142857142857,818.5,743.1,886.6999999999999,1
gard-high,GARD high-diversity regime (~25% target),1.2,null,No recombination,2,20358221,9,3000,60,,oracle-aicc,,0,0,0,,,,true,,,,,0,0,0,No true breakpoint candidates; FastTree skipped.,24.056649999984074,44.97156099998392,293.23397999998997,4.227848000009544,0.07633333333333336,0.02462922988617211,0.5020636083366278,2.828620789917532,16.198044175692193,0.23521391733182945,0.1671425891454699,0.27348589079101054,0.4886666666666667,0.325,0.9586666666666667,815.7142857142857,818.5,743.1,886.6999999999999,1
gard-high,GARD high-diversity regime (~25% target),1.2,null,No recombination,2,20358221,9,3000,60,,single-tree,,,,,,,,,,,,,0,902.4610709999979,1,topology baseline,24.056649999984074,44.97156099998392,293.23397999998997,4.227848000009544,0.07633333333333336,0.02462922988617211,0.5020636083366278,2.828620789917532,16.198044175692193,0.23521391733182945,0.1671425891454699,0.27348589079101054,0.4886666666666667,0.325,0.9586666666666667,815.7142857142857,818.5,743.1,886.6999999999999,1
gard-high,GARD high-diversity regime (~25% target),1.2,null,No recombination,3,20455630,9,3000,60,,ranked-window,2694;2768;2753;793;780;2585;2542;2632;1021;1118;1447;2463;2725;877;1154;2121;1002;2671;566;2787;2441;1195;2808;1051;2565;856;1912;1732;2018;764;915;1872;2740;1488;200;2528;219;1925;1218;108;2004;1548;2086;617;1955;2862;1243;1636;1690;2876;2174;2482;146;2708;391;1610;348;2651;1470;1503;969;655;1343;1577,0,64,0,0,,0,false,,,,,,10.851842000003671,0,complete,18.839707000006456,10.851842000003671,467.2809620000189,1.7406519999785814,0.08199999999999996,0.01732801663127462,0.49433492830349046,2.9063879246726825,17.500021938593402,0.24430147461776996,0.1723700000685744,0.2908515877760535,0.49366666666666664,0.3616666666666667,0.9483333333333334,837.25,854,726.8,906.6,1
gard-high,GARD high-diversity regime (~25% target),1.2,null,No recombination,3,20455630,9,3000,60,,local-hmm-merged,2783;861;2477;2108;2632;1912;1175;210;1497;1724;381;679,0,12,0,0,,0,false,,,,30.333333333333332,,479.87345600000117,0,complete,18.839707000006456,10.851842000003671,467.2809620000189,1.7406519999785814,0.08199999999999996,0.01732801663127462,0.49433492830349046,2.9063879246726825,17.500021938593402,0.24430147461776996,0.1723700000685744,0.2908515877760535,0.49366666666666664,0.3616666666666667,0.9483333333333334,837.25,854,726.8,906.6,1
gard-high,GARD high-diversity regime (~25% target),1.2,null,No recombination,3,20455630,9,3000,60,,stepwise-aicc,,0,0,0,,,,true,,,,,0,7195.044128000009,25,complete,18.839707000006456,10.851842000003671,467.2809620000189,1.7406519999785814,0.08199999999999996,0.01732801663127462,0.49433492830349046,2.9063879246726825,17.500021938593402,0.24430147461776996,0.1723700000685744,0.2908515877760535,0.49366666666666664,0.3616666666666667,0.9483333333333334,837.25,854,726.8,906.6,1
gard-high,GARD high-diversity regime (~25% target),1.2,null,No recombination,3,20455630,9,3000,60,,tree-hmm-aicc,,0,0,0,,,,true,,,,,0,5840.599970999989,40,37 family trees; 3 unique topologies; 7 cached subset tests; 1 states; 0 refinements (not required); delta AICc 0.000; logL -16756.733 vs null -16756.733,18.839707000006456,10.851842000003671,467.2809620000189,1.7406519999785814,0.08199999999999996,0.01732801663127462,0.49433492830349046,2.9063879246726825,17.500021938593402,0.24430147461776996,0.1723700000685744,0.2908515877760535,0.49366666666666664,0.3616666666666667,0.9483333333333334,837.25,854,726.8,906.6,1
gard-high,GARD high-diversity regime (~25% target),1.2,null,No recombination,3,20455630,9,3000,60,,oracle-aicc,,0,0,0,,,,true,,,,,0,0,0,No true breakpoint candidates; FastTree skipped.,18.839707000006456,10.851842000003671,467.2809620000189,1.7406519999785814,0.08199999999999996,0.01732801663127462,0.49433492830349046,2.9063879246726825,17.500021938593402,0.24430147461776996,0.1723700000685744,0.2908515877760535,0.49366666666666664,0.3616666666666667,0.9483333333333334,837.25,854,726.8,906.6,1
gard-high,GARD high-diversity regime (~25% target),1.2,null,No recombination,3,20455630,9,3000,60,,single-tree,,,,,,,,,,,,,0,840.2417849999911,1,topology baseline,18.839707000006456,10.851842000003671,467.2809620000189,1.7406519999785814,0.08199999999999996,0.01732801663127462,0.49433492830349046,2.9063879246726825,17.500021938593402,0.24430147461776996,0.1723700000685744,0.2908515877760535,0.49366666666666664,0.3616666666666667,0.9483333333333334,837.25,854,726.8,906.6,1
gard-high,GARD high-diversity regime (~25% target),1.2,one-break,1 breakpoint · 1 NNI,1,21260815,9,3000,60,1365,ranked-window,1696;1367;1845;1528;471;2365;1426;2044;1083;814;1542;794;54;292;1352;1992;1291;2688;579;2396;177;1107;672;2851;1055;2475;1572;740;1883;1155;1678;2489;2744;365;2645;1214;2662;1555;1646;193;1261;2432;2222;2068;379;2600;944;1810;1739;1482;1612;1314;1458;913;2770;1133;1201;1241;964;350;402;1627;145;1712,1,63,0,0.015625,1,0.03076923076923077,false,2,2,,,,11.1934000000183,0,complete,12.808733999991091,11.1934000000183,411.1789109999954,2.086490000016056,0.07733333333333337,0.022308474134905713,0.5300278362769797,2.8333748325003336,14.799672697883807,0.21626463145532387,0.16430595864320696,0.27069475842680346,0.475,0.297,0.9563333333333334,767.7619047619048,786,661.3,852.7,1
gard-high,GARD high-diversity regime (~25% target),1.2,one-break,1 breakpoint · 1 NNI,1,21260815,9,3000,60,1365,local-hmm-merged,1107;1363;1547;1698;1849;794;369;2692;2054;2479;2846;187;944;568,1,13,0,0.07142857142857142,1,0.13333333333333333,false,2,2,1,33.42857142857143,,424.4588010000298,0,complete,12.808733999991091,11.1934000000183,411.1789109999954,2.086490000016056,0.07733333333333337,0.022308474134905713,0.5300278362769797,2.8333748325003336,14.799672697883807,0.21626463145532387,0.16430595864320696,0.27069475842680346,0.475,0.297,0.9563333333333334,767.7619047619048,786,661.3,852.7,1
gard-high,GARD high-diversity regime (~25% target),1.2,one-break,1 breakpoint · 1 NNI,1,21260815,9,3000,60,1365,stepwise-aicc,1363,1,0,0,1,1,1,true,2,2,1,22,0.0001111111111111111,11009.762992000033,42,complete,12.808733999991091,11.1934000000183,411.1789109999954,2.086490000016056,0.07733333333333337,0.022308474134905713,0.5300278362769797,2.8333748325003336,14.799672697883807,0.21626463145532387,0.16430595864320696,0.27069475842680346,0.475,0.297,0.9563333333333334,767.7619047619048,786,661.3,852.7,1
gard-high,GARD high-diversity regime (~25% target),1.2,one-break,1 breakpoint · 1 NNI,1,21260815,9,3000,60,1365,tree-hmm-aicc,1371,1,0,0,1,1,1,true,6,6,1,67,0.0006274007004327823,14172.047447000019,60,43 family trees; 11 unique topologies; 3 cached subset tests; 2 states; 2 refinements (converged); delta AICc 355.731; logL -16073.606 vs null -16269.881,12.808733999991091,11.1934000000183,411.1789109999954,2.086490000016056,0.07733333333333337,0.022308474134905713,0.5300278362769797,2.8333748325003336,14.799672697883807,0.21626463145532387,0.16430595864320696,0.27069475842680346,0.475,0.297,0.9563333333333334,767.7619047619048,786,661.3,852.7,1
gard-high,GARD high-diversity regime (~25% target),1.2,one-break,1 breakpoint · 1 NNI,1,21260815,9,3000,60,1365,oracle-aicc,1365,1,0,0,1,1,1,true,0,0,,,0,1189.63715699999,3,complete,12.808733999991091,11.1934000000183,411.1789109999954,2.086490000016056,0.07733333333333337,0.022308474134905713,0.5300278362769797,2.8333748325003336,14.799672697883807,0.21626463145532387,0.16430595864320696,0.27069475842680346,0.475,0.297,0.9563333333333334,767.7619047619048,786,661.3,852.7,1
gard-high,GARD high-diversity regime (~25% target),1.2,one-break,1 breakpoint · 1 NNI,1,21260815,9,3000,60,1365,single-tree,,,,,,,,,,,,,0.09083333333333334,816.1042930000112,1,topology baseline,12.808733999991091,11.1934000000183,411.1789109999954,2.086490000016056,0.07733333333333337,0.022308474134905713,0.5300278362769797,2.8333748325003336,14.799672697883807,0.21626463145532387,0.16430595864320696,0.27069475842680346,0.475,0.297,0.9563333333333334,767.7619047619048,786,661.3,852.7,1
gard-high,GARD high-diversity regime (~25% target),1.2,one-break,1 breakpoint · 1 NNI,2,21358224,9,3000,60,1368,ranked-window,2765;2747;2784;2849;264;781;1467;1268;1813;284;1297;168;556;2365;1945;1392;2337;1862;123;2211;1723;2870;192;657;675;1707;2883;1567;689;836;1915;1219;1282;2906;2291;1185;570;755;330;209;809;605;1454;1408;1759;740;379;2830;1318;2652;2624;2667;2921;2483;1436;2193;1170;2137;1371;1515;1618;1985;2243;2005,1,63,0,0.015625,1,0.03076923076923077,false,3,3,,,,5.609167999995407,0,complete,28.644014000019524,5.609167999995407,477.1066980000178,9.85962999999174,0.08366666666666667,0.02418705354512291,0.47195760581314317,2.8162121477996513,16.86269132406329,0.2229078247551197,0.15379940352228955,0.2744169499113718,0.458,0.3263333333333333,0.9396666666666667,784.6666666666666,810.5,676.3,866.5,1
gard-high,GARD high-diversity regime (~25% target),1.2,one-break,1 breakpoint · 1 NNI,2,21358224,9,3000,60,1368,local-hmm-merged,2776;1270;1814;600;176;1423;781;333;2201;2362;2624;1991,1,11,0,0.08333333333333333,1,0.15384615384615385,false,55,55,0,31.583333333333332,,492.57549600000493,0,complete,28.644014000019524,5.609167999995407,477.1066980000178,9.85962999999174,0.08366666666666667,0.02418705354512291,0.47195760581314317,2.8162121477996513,16.86269132406329,0.2229078247551197,0.15379940352228955,0.2744169499113718,0.458,0.3263333333333333,0.9396666666666667,784.6666666666666,810.5,676.3,866.5,1
gard-high,GARD high-diversity regime (~25% target),1.2,one-break,1 breakpoint · 1 NNI,2,21358224,9,3000,60,1368,stepwise-aicc,1423;2776,1,1,0,0.5,1,0.6666666666666666,false,55,55,0,33.5,0.0030555555555555553,10959.52515999999,41,complete,28.644014000019524,5.609167999995407,477.1066980000178,9.85962999999174,0.08366666666666667,0.02418705354512291,0.47195760581314317,2.8162121477996513,16.86269132406329,0.2229078247551197,0.15379940352228955,0.2744169499113718,0.458,0.3263333333333333,0.9396666666666667,784.6666666666666,810.5,676.3,866.5,1
gard-high,GARD high-diversity regime (~25% target),1.2,one-break,1 breakpoint · 1 NNI,2,21358224,9,3000,60,1368,tree-hmm-aicc,1396,1,0,0,1,1,1,true,28,28,1,113,0.0020880475475043504,8665.95000100002,46,37 family trees; 6 unique topologies; 3 cached subset tests; 2 states; 1 refinements (converged); delta AICc 91.706; logL -15601.110 vs null -15665.372,28.644014000019524,5.609167999995407,477.1066980000178,9.85962999999174,0.08366666666666667,0.02418705354512291,0.47195760581314317,2.8162121477996513,16.86269132406329,0.2229078247551197,0.15379940352228955,0.2744169499113718,0.458,0.3263333333333333,0.9396666666666667,784.6666666666666,810.5,676.3,866.5,1
gard-high,GARD high-diversity regime (~25% target),1.2,one-break,1 breakpoint · 1 NNI,2,21358224,9,3000,60,1368,oracle-aicc,1368,1,0,0,1,1,1,true,0,0,,,0,1250.7704360000207,3,complete,28.644014000019524,5.609167999995407,477.1066980000178,9.85962999999174,0.08366666666666667,0.02418705354512291,0.47195760581314317,2.8162121477996513,16.86269132406329,0.2229078247551197,0.15379940352228955,0.2744169499113718,0.458,0.3263333333333333,0.9396666666666667,784.6666666666666,810.5,676.3,866.5,1
gard-high,GARD high-diversity regime (~25% target),1.2,one-break,1 breakpoint · 1 NNI,2,21358224,9,3000,60,1368,single-tree,,,,,,,,,,,,,0.09066666666666667,1731.5539320000098,1,topology baseline,28.644014000019524,5.609167999995407,477.1066980000178,9.85962999999174,0.08366666666666667,0.02418705354512291,0.47195760581314317,2.8162121477996513,16.86269132406329,0.2229078247551197,0.15379940352228955,0.2744169499113718,0.458,0.3263333333333333,0.9396666666666667,784.6666666666666,810.5,676.3,866.5,1
gard-high,GARD high-diversity regime (~25% target),1.2,one-break,1 breakpoint · 1 NNI,3,21455633,9,3000,60,1436,ranked-window,1437;554;1012;2382;1482;1779;2358;380;1025;1902;2508;2403;987;1466;2699;394;2542;202;2879;1714;110;2066;1869;354;2821;1205;1818;1968;1586;2260;632;167;1222;505;2897;2625;1561;1516;1947;1153;1538;419;2173;134;1619;2005;91;612;1793;1642;832;1407;1140;2684;1359;1728;1051;1377;1503;1981;461;1393;598;875,1,63,0,0.015625,1,0.03076923076923077,false,1,1,,,,5.818232999998145,0,complete,25.404429999995045,5.818232999998145,314.3730789999827,6.431524999992689,0.08366666666666667,0.021305982618328043,0.47384824076616916,2.803406453024635,17.068508117474533,0.2298592759256148,0.16517820628082486,0.27036617537420427,0.47,0.3626666666666667,0.948,804.5595238095239,808,731.9,876.7,1
gard-high,GARD high-diversity regime (~25% target),1.2,one-break,1 breakpoint · 1 NNI,3,21455633,9,3000,60,1436,local-hmm-merged,1443;1016;545;1786;2364;390;2529;1968;2821;1212;2173;1631;832;202,1,13,0,0.07142857142857142,1,0.13333333333333333,false,7,7,1,30.571428571428573,,326.6228369999735,0,complete,25.404429999995045,5.818232999998145,314.3730789999827,6.431524999992689,0.08366666666666667,0.021305982618328043,0.47384824076616916,2.803406453024635,17.068508117474533,0.2298592759256148,0.16517820628082486,0.27036617537420427,0.47,0.3626666666666667,0.948,804.5595238095239,808,731.9,876.7,1
gard-high,GARD high-diversity regime (~25% target),1.2,one-break,1 breakpoint · 1 NNI,3,21455633,9,3000,60,1436,stepwise-aicc,1016;1212;1443,1,2,0,0.3333333333333333,1,0.5,false,7,7,1,29,0.0003888888888888888,10664.873371999973,47,complete,25.404429999995045,5.818232999998145,314.3730789999827,6.431524999992689,0.08366666666666667,0.021305982618328043,0.47384824076616916,2.803406453024635,17.068508117474533,0.2298592759256148,0.16517820628082486,0.27036617537420427,0.47,0.3626666666666667,0.948,804.5595238095239,808,731.9,876.7,1
gard-high,GARD high-diversity regime (~25% target),1.2,one-break,1 breakpoint · 1 NNI,3,21455633,9,3000,60,1436,tree-hmm-aicc,1437,1,0,0,1,1,1,true,1,1,1,29,0.00028257116264678733,9804.260926999967,52,43 family trees; 5 unique topologies; 3 cached subset tests; 2 states; 2 refinements (converged); delta AICc 444.903; logL -15897.667 vs null -16138.528,25.404429999995045,5.818232999998145,314.3730789999827,6.431524999992689,0.08366666666666667,0.021305982618328043,0.47384824076616916,2.803406453024635,17.068508117474533,0.2298592759256148,0.16517820628082486,0.27036617537420427,0.47,0.3626666666666667,0.948,804.5595238095239,808,731.9,876.7,1
gard-high,GARD high-diversity regime (~25% target),1.2,one-break,1 breakpoint · 1 NNI,3,21455633,9,3000,60,1436,oracle-aicc,1436,1,0,0,1,1,1,true,0,0,,,0,1321.455382999964,3,complete,25.404429999995045,5.818232999998145,314.3730789999827,6.431524999992689,0.08366666666666667,0.021305982618328043,0.47384824076616916,2.803406453024635,17.068508117474533,0.2298592759256148,0.16517820628082486,0.27036617537420427,0.47,0.3626666666666667,0.948,804.5595238095239,808,731.9,876.7,1
gard-high,GARD high-diversity regime (~25% target),1.2,one-break,1 breakpoint · 1 NNI,3,21455633,9,3000,60,1436,single-tree,,,,,,,,,,,,,0.07977777777777777,725.2694039999915,1,topology baseline,25.404429999995045,5.818232999998145,314.3730789999827,6.431524999992689,0.08366666666666667,0.021305982618328043,0.47384824076616916,2.803406453024635,17.068508117474533,0.2298592759256148,0.16517820628082486,0.27036617537420427,0.47,0.3626666666666667,0.948,804.5595238095239,808,731.9,876.7,1
gard-high,GARD high-diversity regime (~25% target),1.2,two-break,2 breakpoints · 1 NNI each,1,22260818,9,3000,60,1087;1942,ranked-window,1393;2665;529;735;516;1358;2328;600;1704;2280;1336;769;240;1507;1610;1521;2063;1029;963;2306;1315;449;1406;2248;1683;2574;2459;2094;1145;1556;1570;2423;1451;1538;342;553;120;2830;357;2639;209;2876;2111;1489;640;2217;1373;1968;2802;2846;1919;2127;848;432;269;1665;2482;2729;2354;798;1937;1060;178;2371,2,62,0,0.03125,1,0.06060606060606061,false,16,19.4164878389476,,,,4.371752000006381,0,complete,47.23881400004029,4.371752000006381,353.609123000002,10.242811000032816,0.08299999999999996,0.02216535559591794,0.4778771825430399,2.8679448371470806,14.035162064339687,0.20278157310052874,0.14300238101626633,0.25966425335875054,0.43066666666666664,0.2823333333333333,0.9496666666666667,717.1904761904761,739.5,605.4,799.2,1
gard-high,GARD high-diversity regime (~25% target),1.2,two-break,2 breakpoints · 1 NNI each,1,22260818,9,3000,60,1087;1942,local-hmm-merged,1696;1512;2835;2274;1317;2638;455;2112;240;1033;1919;617;2447;784,2,12,0,0.14285714285714285,1,0.25,false,38.5,41.50301193889427,0,27.214285714285715,,368.2236860000412,0,complete,47.23881400004029,4.371752000006381,353.609123000002,10.242811000032816,0.08299999999999996,0.02216535559591794,0.4778771825430399,2.8679448371470806,14.035162064339687,0.20278157310052874,0.14300238101626633,0.25966425335875054,0.43066666666666664,0.2823333333333333,0.9496666666666667,717.1904761904761,739.5,605.4,799.2,1
gard-high,GARD high-diversity regime (~25% target),1.2,two-break,2 breakpoints · 1 NNI each,1,22260818,9,3000,60,1087;1942,stepwise-aicc,1512;1919,1,1,1,0.5,0.5,0.5,true,23,23,0,17,0.024888888888888884,10495.37452100002,49,complete,47.23881400004029,4.371752000006381,353.609123000002,10.242811000032816,0.08299999999999996,0.02216535559591794,0.4778771825430399,2.8679448371470806,14.035162064339687,0.20278157310052874,0.14300238101626633,0.25966425335875054,0.43066666666666664,0.2823333333333333,0.9496666666666667,717.1904761904761,739.5,605.4,799.2,1
gard-high,GARD high-diversity regime (~25% target),1.2,two-break,2 breakpoints · 1 NNI each,1,22260818,9,3000,60,1087;1942,tree-hmm-aicc,1970,1,0,1,1,0.5,0.6666666666666666,false,28,28,0.5,276,0.0489897787710126,12750.019206000085,59,43 family trees; 13 unique topologies; 3 cached subset tests; 2 states; 1 refinements (converged); delta AICc 4.750; logL -15245.167 vs null -15265.951,47.23881400004029,4.371752000006381,353.609123000002,10.242811000032816,0.08299999999999996,0.02216535559591794,0.4778771825430399,2.8679448371470806,14.035162064339687,0.20278157310052874,0.14300238101626633,0.25966425335875054,0.43066666666666664,0.2823333333333333,0.9496666666666667,717.1904761904761,739.5,605.4,799.2,1
gard-high,GARD high-diversity regime (~25% target),1.2,two-break,2 breakpoints · 1 NNI each,1,22260818,9,3000,60,1087;1942,oracle-aicc,1087;1942,2,0,0,1,1,1,true,0,0,,,0,1742.4852580000297,6,complete,47.23881400004029,4.371752000006381,353.609123000002,10.242811000032816,0.08299999999999996,0.02216535559591794,0.4778771825430399,2.8679448371470806,14.035162064339687,0.20278157310052874,0.14300238101626633,0.25966425335875054,0.43066666666666664,0.2823333333333333,0.9496666666666667,717.1904761904761,739.5,605.4,799.2,1
gard-high,GARD high-diversity regime (~25% target),1.2,two-break,2 breakpoints · 1 NNI each,1,22260818,9,3000,60,1087;1942,single-tree,,,,,,,,,,,,,0.10627777777777778,634.0327180000022,1,topology baseline,47.23881400004029,4.371752000006381,353.609123000002,10.242811000032816,0.08299999999999996,0.02216535559591794,0.4778771825430399,2.8679448371470806,14.035162064339687,0.20278157310052874,0.14300238101626633,0.25966425335875054,0.43066666666666664,0.2823333333333333,0.9496666666666667,717.1904761904761,739.5,605.4,799.2,1
gard-high,GARD high-diversity regime (~25% target),1.2,two-break,2 breakpoints · 1 NNI each,2,22358227,9,3000,60,936;1901,ranked-window,1903;2003;1890;497;2023;409;178;458;430;1920;1438;529;999;1957;960;2158;1869;2680;480;2781;1183;1280;1585;682;2172;362;2287;1973;279;225;1488;2578;2496;932;296;516;1055;1990;2607;1159;2805;621;851;1818;2735;1237;2041;1549;2322;1837;2702;1354;1422;792;910;2058;2413;378;2844;2388;1853;571;1382;947,2,62,0,0.03125,1,0.06060606060606061,false,3,3.1622776601683795,,,,5.759536000026856,0,complete,14.628754000004847,5.759536000026856,295.03564799996093,9.529425999964587,0.08099999999999996,0.01984242909804753,0.49104017112256,2.936019868548673,15.429228345222766,0.21576444781162973,0.14759647935003384,0.27829529541493453,0.471,0.2833333333333333,0.938,748.6666666666666,742,634.8,878.0999999999999,1
gard-high,GARD high-diversity regime (~25% target),1.2,two-break,2 breakpoints · 1 NNI each,2,22358227,9,3000,60,936;1901,local-hmm-merged,1911;497;963;1424;2158;2786;1159;290;1577;2413;2587;797;1755,2,11,0,0.15384615384615385,1,0.26666666666666666,false,18.5,20.359273071502333,0.5,28.384615384615383,,310.3246099999524,0,complete,14.628754000004847,5.759536000026856,295.03564799996093,9.529425999964587,0.08099999999999996,0.01984242909804753,0.49104017112256,2.936019868548673,15.429228345222766,0.21576444781162973,0.14759647935003384,0.27829529541493453,0.471,0.2833333333333333,0.938,748.6666666666666,742,634.8,878.0999999999999,1
gard-high,GARD high-diversity regime (~25% target),1.2,two-break,2 breakpoints · 1 NNI each,2,22358227,9,3000,60,936;1901,stepwise-aicc,963;1911,2,0,0,1,1,1,true,18.5,20.359273071502333,0.5,34.5,0.0020555555555555553,10057.990593999973,46,complete,14.628754000004847,5.759536000026856,295.03564799996093,9.529425999964587,0.08099999999999996,0.01984242909804753,0.49104017112256,2.936019868548673,15.429228345222766,0.21576444781162973,0.14759647935003384,0.27829529541493453,0.471,0.2833333333333333,0.938,748.6666666666666,742,634.8,878.0999999999999,1
gard-high,GARD high-diversity regime (~25% target),1.2,two-break,2 breakpoints · 1 NNI each,2,22358227,9,3000,60,936;1901,tree-hmm-aicc,1902,1,0,1,1,0.5,0.6666666666666666,false,1,1,0.5,35,0.05388230371794649,9280.803240999929,48,40 family trees; 4 unique topologies; 7 cached subset tests; 2 states; 1 refinements (converged); delta AICc 250.500; logL -16143.093 vs null -16286.752,14.628754000004847,5.759536000026856,295.03564799996093,9.529425999964587,0.08099999999999996,0.01984242909804753,0.49104017112256,2.936019868548673,15.429228345222766,0.21576444781162973,0.14759647935003384,0.27829529541493453,0.471,0.2833333333333333,0.938,748.6666666666666,742,634.8,878.0999999999999,1
gard-high,GARD high-diversity regime (~25% target),1.2,two-break,2 breakpoints · 1 NNI each,2,22358227,9,3000,60,936;1901,oracle-aicc,936;1901,2,0,0,1,1,1,true,0,0,,,0,2135.690566999954,6,complete,14.628754000004847,5.759536000026856,295.03564799996093,9.529425999964587,0.08099999999999996,0.01984242909804753,0.49104017112256,2.936019868548673,15.429228345222766,0.21576444781162973,0.14759647935003384,0.27829529541493453,0.471,0.2833333333333333,0.938,748.6666666666666,742,634.8,878.0999999999999,1
gard-high,GARD high-diversity regime (~25% target),1.2,two-break,2 breakpoints · 1 NNI each,2,22358227,9,3000,60,936;1901,single-tree,,,,,,,,,,,,,0.11305555555555555,680.7262509999564,1,topology baseline,14.628754000004847,5.759536000026856,295.03564799996093,9.529425999964587,0.08099999999999996,0.01984242909804753,0.49104017112256,2.936019868548673,15.429228345222766,0.21576444781162973,0.14759647935003384,0.27829529541493453,0.471,0.2833333333333333,0.938,748.6666666666666,742,634.8,878.0999999999999,1
gard-high,GARD high-diversity regime (~25% target),1.2,two-break,2 breakpoints · 1 NNI each,3,22455636,9,3000,60,983;1994,ranked-window,1096;1371;2593;1013;1193;2376;2390;1356;2014;990;1439;1131;1044;1816;2125;402;2138;2612;344;1231;1324;330;2758;2804;1111;911;2152;1960;1515;382;1305;1563;2652;1998;1210;237;1917;1981;537;2301;2701;1612;1936;2416;1903;1416;1077;1709;2232;311;1731;487;2785;440;171;1643;1452;2269;682;1273;884;2499;1875;1386,2,62,0,0.03125,1,0.06060606060606061,false,5.5,5.70087712549569,,,,6.431060999981128,0,complete,26.092195999983232,6.431060999981128,245.1351559999748,1.3764920000103302,0.08266666666666667,0.025601374838149525,0.48745526873955025,2.8904363247636526,15.527850480329578,0.24130710869900668,0.1491396339947355,0.29800159150295447,0.484,0.3596666666666667,0.952,838.0357142857143,857.5,757,938.7,1
gard-high,GARD high-diversity regime (~25% target),1.2,two-break,2 breakpoints · 1 NNI each,3,22455636,9,3000,60,983;1994,local-hmm-merged,1013;398;2383;2009;1230;1390;2607;1563;2230;1726;2797;725;171,2,11,0,0.15384615384615385,1,0.26666666666666666,false,22.5,23.717082451262844,0,24.53846153846154,,252.94270899996627,0,complete,26.092195999983232,6.431060999981128,245.1351559999748,1.3764920000103302,0.08266666666666667,0.025601374838149525,0.48745526873955025,2.8904363247636526,15.527850480329578,0.24130710869900668,0.1491396339947355,0.29800159150295447,0.484,0.3596666666666667,0.952,838.0357142857143,857.5,757,938.7,1
gard-high,GARD high-diversity regime (~25% target),1.2,two-break,2 breakpoints · 1 NNI each,3,22455636,9,3000,60,983;1994,stepwise-aicc,1013;2009,2,0,0,1,1,1,true,22.5,23.717082451262844,0,24.5,0.0025,9859.88327999995,46,complete,26.092195999983232,6.431060999981128,245.1351559999748,1.3764920000103302,0.08266666666666667,0.025601374838149525,0.48745526873955025,2.8904363247636526,15.527850480329578,0.24130710869900668,0.1491396339947355,0.29800159150295447,0.484,0.3596666666666667,0.952,838.0357142857143,857.5,757,938.7,1
gard-high,GARD high-diversity regime (~25% target),1.2,two-break,2 breakpoints · 1 NNI each,3,22455636,9,3000,60,983;1994,tree-hmm-aicc,1032;1972,2,0,0,1,1,1,true,35.5,37.98025802966588,1,106,0.0028748661175911887,10400.654835999943,50,40 family trees; 5 unique topologies; 7 cached subset tests; 3 states; 1 refinements (converged); delta AICc 278.182; logL -16394.334 vs null -16569.427,26.092195999983232,6.431060999981128,245.1351559999748,1.3764920000103302,0.08266666666666667,0.025601374838149525,0.48745526873955025,2.8904363247636526,15.527850480329578,0.24130710869900668,0.1491396339947355,0.29800159150295447,0.484,0.3596666666666667,0.952,838.0357142857143,857.5,757,938.7,1
gard-high,GARD high-diversity regime (~25% target),1.2,two-break,2 breakpoints · 1 NNI each,3,22455636,9,3000,60,983;1994,oracle-aicc,983;1994,2,0,0,1,1,1,true,0,0,,,0,2366.1394870000076,6,complete,26.092195999983232,6.431060999981128,245.1351559999748,1.3764920000103302,0.08266666666666667,0.025601374838149525,0.48745526873955025,2.8904363247636526,15.527850480329578,0.24130710869900668,0.1491396339947355,0.29800159150295447,0.484,0.3596666666666667,0.952,838.0357142857143,857.5,757,938.7,1
gard-high,GARD high-diversity regime (~25% target),1.2,two-break,2 breakpoints · 1 NNI each,3,22455636,9,3000,60,983;1994,single-tree,,,,,,,,,,,,,0.1105,769.8000979999779,1,topology baseline,26.092195999983232,6.431060999981128,245.1351559999748,1.3764920000103302,0.08266666666666667,0.025601374838149525,0.48745526873955025,2.8904363247636526,15.527850480329578,0.24130710869900668,0.1491396339947355,0.29800159150295447,0.484,0.3596666666666667,0.952,838.0357142857143,857.5,757,938.7,1
gard-high,GARD high-diversity regime (~25% target),1.2,three-break,3 breakpoints · 1 NNI each,1,23260821,9,3000,60,794;1570;2315,ranked-window,490;2646;2132;1013;1362;1128;2778;469;1916;2190;2078;2629;1953;1604;582;716;1046;2887;1212;1254;2171;1728;383;2468;2330;1472;2388;1557;2666;2156;540;2496;564;2097;756;2595;2522;664;1535;1982;1226;1269;1099;2051;2869;773;341;2352;1153;2423;1654;1065;846;2927;973;989;2263;643;2455;1426;2613;77;423;2437,3,61,0,0.046875,1,0.08955223880597014,false,16.333333333333332,16.68332500832293,,,,23.60707100003492,0,complete,79.10500699997647,23.60707100003492,389.38678900001105,6.183848000015132,0.07666666666666666,0.021991600890833962,0.4709346572847132,2.81724443741252,14.886574746108844,0.25406520409982203,0.13667727425721365,0.3313131271948422,0.494,0.37866666666666665,0.946,876.75,909.5,668.4,960.7,1
gard-high,GARD high-diversity regime (~25% target),1.2,three-break,3 breakpoints · 1 NNI each,1,23260821,9,3000,60,794;1570;2315,local-hmm-merged,477;1252;2172;1017;2621;1916;2778;2455;1535;641,1,9,2,0.1,0.3333333333333333,0.15384615384615385,false,35,35,0,31.3,,419.1777080000611,0,complete,79.10500699997647,23.60707100003492,389.38678900001105,6.183848000015132,0.07666666666666666,0.021991600890833962,0.4709346572847132,2.81724443741252,14.886574746108844,0.25406520409982203,0.13667727425721365,0.3313131271948422,0.494,0.37866666666666665,0.946,876.75,909.5,668.4,960.7,1
gard-high,GARD high-diversity regime (~25% target),1.2,three-break,3 breakpoints · 1 NNI each,1,23260821,9,3000,60,794;1570;2315,stepwise-aicc,477;1017;1535;2455,1,3,2,0.25,0.3333333333333333,0.2857142857142857,false,35,35,0,26.75,0.02211111111111111,9410.577019000077,40,complete,79.10500699997647,23.60707100003492,389.38678900001105,6.183848000015132,0.07666666666666666,0.021991600890833962,0.4709346572847132,2.81724443741252,14.886574746108844,0.25406520409982203,0.13667727425721365,0.3313131271948422,0.494,0.37866666666666665,0.946,876.75,909.5,668.4,960.7,1
gard-high,GARD high-diversity regime (~25% target),1.2,three-break,3 breakpoints · 1 NNI each,1,23260821,9,3000,60,794;1570;2315,tree-hmm-aicc,921;1542;1975;2281,2,2,1,0.5,0.6666666666666666,0.5714285714285714,false,31,31.144823004794873,1,129.5,0.05121490236385084,9823.230870000029,41,31 family trees; 5 unique topologies; 7 cached subset tests; 3 states; 1 refinements (converged); delta AICc 118.787; logL -16569.298 vs null -16664.694,79.10500699997647,23.60707100003492,389.38678900001105,6.183848000015132,0.07666666666666666,0.021991600890833962,0.4709346572847132,2.81724443741252,14.886574746108844,0.25406520409982203,0.13667727425721365,0.3313131271948422,0.494,0.37866666666666665,0.946,876.75,909.5,668.4,960.7,1
gard-high,GARD high-diversity regime (~25% target),1.2,three-break,3 breakpoints · 1 NNI each,1,23260821,9,3000,60,794;1570;2315,oracle-aicc,794;1570;2315,3,0,0,1,1,1,true,0,0,,,0,2870.2425060000387,10,complete,79.10500699997647,23.60707100003492,389.38678900001105,6.183848000015132,0.07666666666666666,0.021991600890833962,0.4709346572847132,2.81724443741252,14.886574746108844,0.25406520409982203,0.13667727425721365,0.3313131271948422,0.494,0.37866666666666665,0.946,876.75,909.5,668.4,960.7,1
gard-high,GARD high-diversity regime (~25% target),1.2,three-break,3 breakpoints · 1 NNI each,1,23260821,9,3000,60,794;1570;2315,single-tree,,,,,,,,,,,,,0.1616111111111111,819.9527280000038,1,topology baseline,79.10500699997647,23.60707100003492,389.38678900001105,6.183848000015132,0.07666666666666666,0.021991600890833962,0.4709346572847132,2.81724443741252,14.886574746108844,0.25406520409982203,0.13667727425721365,0.3313131271948422,0.494,0.37866666666666665,0.946,876.75,909.5,668.4,960.7,1
gard-high,GARD high-diversity regime (~25% target),1.2,three-break,3 breakpoints · 1 NNI each,2,23358230,9,3000,60,683;1538;2321,ranked-window,1070;392;200;1879;2223;2799;2315;368;629;313;1446;1854;2692;2100;1987;1816;2294;1546;2117;2277;479;1714;1148;2340;2236;1636;252;957;2903;1126;2528;2441;1474;296;1841;2381;1104;1403;1209;1387;185;763;1368;2933;1263;869;935;2499;1228;2467;1244;492;686;2825;1735;1765;2148;1604;1284;2368;2354;1916;455;655,3,61,0,0.046875,1,0.08955223880597014,false,5.666666666666667,6.027713773341708,,,,6.238606999977492,0,complete,37.428169000020716,6.238606999977492,280.6910340000177,9.083756000036374,0.08266666666666667,0.024691491710097466,0.49726351486118614,2.88616137907545,18.103617179661384,0.2268707536285113,0.19054180157377937,0.2590786822172171,0.482,0.31133333333333335,0.9473333333333334,776.1785714285714,777.5,710.1,838.4,1
gard-high,GARD high-diversity regime (~25% target),1.2,three-break,3 breakpoints · 1 NNI each,2,23358230,9,3000,60,683;1538;2321,local-hmm-merged,363;2269;1879;1442;2114;1067;197;1724;1228;642;860;2509;2695,2,11,1,0.15384615384615385,0.6666666666666666,0.25,false,46.5,46.82413907377262,0,28.615384615384617,,296.01339700003155,0,complete,37.428169000020716,6.238606999977492,280.6910340000177,9.083756000036374,0.08266666666666667,0.024691491710097466,0.49726351486118614,2.88616137907545,18.103617179661384,0.2268707536285113,0.19054180157377937,0.2590786822172171,0.482,0.31133333333333335,0.9473333333333334,776.1785714285714,777.5,710.1,838.4,1
gard-high,GARD high-diversity regime (~25% target),1.2,three-break,3 breakpoints · 1 NNI each,2,23358230,9,3000,60,683;1538;2321,stepwise-aicc,642,1,0,2,1,0.3333333333333333,0.5,false,41,41,0,41,0.08977777777777778,9972.815541000047,39,complete,37.428169000020716,6.238606999977492,280.6910340000177,9.083756000036374,0.08266666666666667,0.024691491710097466,0.49726351486118614,2.88616137907545,18.103617179661384,0.2268707536285113,0.19054180157377937,0.2590786822172171,0.482,0.31133333333333335,0.9473333333333334,776.1785714285714,777.5,710.1,838.4,1
gard-high,GARD high-diversity regime (~25% target),1.2,three-break,3 breakpoints · 1 NNI each,2,23358230,9,3000,60,683;1538;2321,tree-hmm-aicc,757,0,1,3,0,0,0,false,,,0.3333333333333333,146,0.08589720816369366,14159.557217000052,55,40 family trees; 9 unique topologies; 7 cached subset tests; 2 states; 2 refinements (converged); delta AICc 34.971; logL -16766.715 vs null -16802.609,37.428169000020716,6.238606999977492,280.6910340000177,9.083756000036374,0.08266666666666667,0.024691491710097466,0.49726351486118614,2.88616137907545,18.103617179661384,0.2268707536285113,0.19054180157377937,0.2590786822172171,0.482,0.31133333333333335,0.9473333333333334,776.1785714285714,777.5,710.1,838.4,1
gard-high,GARD high-diversity regime (~25% target),1.2,three-break,3 breakpoints · 1 NNI each,2,23358230,9,3000,60,683;1538;2321,oracle-aicc,683,1,0,2,1,0.3333333333333333,0.5,false,0,0,,,0.08522222222222221,2575.7106919999933,9,complete,37.428169000020716,6.238606999977492,280.6910340000177,9.083756000036374,0.08266666666666667,0.024691491710097466,0.49726351486118614,2.88616137907545,18.103617179661384,0.2268707536285113,0.19054180157377937,0.2590786822172171,0.482,0.31133333333333335,0.9473333333333334,776.1785714285714,777.5,710.1,838.4,1
gard-high,GARD high-diversity regime (~25% target),1.2,three-break,3 breakpoints · 1 NNI each,2,23358230,9,3000,60,683;1538;2321,single-tree,,,,,,,,,,,,,0.11916666666666667,812.6174190000165,1,topology baseline,37.428169000020716,6.238606999977492,280.6910340000177,9.083756000036374,0.08266666666666667,0.024691491710097466,0.49726351486118614,2.88616137907545,18.103617179661384,0.2268707536285113,0.19054180157377937,0.2590786822172171,0.482,0.31133333333333335,0.9473333333333334,776.1785714285714,777.5,710.1,838.4,1
gard-high,GARD high-diversity regime (~25% target),1.2,three-break,3 breakpoints · 1 NNI each,3,23455639,9,3000,60,684;1522;2296,ranked-window,773;1012;1809;924;2842;1796;2476;1994;2276;846;750;830;2491;277;1940;320;1483;1446;685;2138;2043;153;535;1822;1504;298;1092;872;1915;789;1128;2319;509;2526;120;1028;566;1781;653;1853;2362;475;670;2870;2237;2023;1169;2593;1222;196;1237;620;2651;364;2411;1204;2290;1378;2447;2190;636;2379;2788;137,3,61,0,0.046875,1,0.08955223880597014,false,8.333333333333334,10.969655114602888,,,,7.3579079999472015,0,complete,32.69242800003849,7.3579079999472015,283.1926139999996,7.421687000023667,0.07899999999999996,0.023655184725840744,0.44945207496953954,2.8560017865069818,18.06352803600791,0.23424171000692684,0.1593103614081136,0.29721102150537637,0.483,0.35133333333333333,0.9483333333333334,813.7380952380952,846,697.1,913.2,1
gard-high,GARD high-diversity regime (~25% target),1.2,three-break,3 breakpoints · 1 NNI each,3,23455639,9,3000,60,684;1522;2296,local-hmm-merged,769;1796;290;1488;2269;2026;1020;565;2444;2596;2779;1208,2,10,1,0.16666666666666666,0.6666666666666666,0.26666666666666666,false,30.5,30.700162866017504,0,33.083333333333336,,297.97220899997046,0,complete,32.69242800003849,7.3579079999472015,283.1926139999996,7.421687000023667,0.07899999999999996,0.023655184725840744,0.44945207496953954,2.8560017865069818,18.06352803600791,0.23424171000692684,0.1593103614081136,0.29721102150537637,0.483,0.35133333333333333,0.9483333333333334,813.7380952380952,846,697.1,913.2,1
gard-high,GARD high-diversity regime (~25% target),1.2,three-break,3 breakpoints · 1 NNI each,3,23455639,9,3000,60,684;1522;2296,stepwise-aicc,769;1488;2444,1,2,2,0.3333333333333333,0.3333333333333333,0.3333333333333333,true,34,34,0,25,0.014833333333333334,10662.618649000011,49,complete,32.69242800003849,7.3579079999472015,283.1926139999996,7.421687000023667,0.07899999999999996,0.023655184725840744,0.44945207496953954,2.8560017865069818,18.06352803600791,0.23424171000692684,0.1593103614081136,0.29721102150537637,0.483,0.35133333333333333,0.9483333333333334,813.7380952380952,846,697.1,913.2,1
gard-high,GARD high-diversity regime (~25% target),1.2,three-break,3 breakpoints · 1 NNI each,3,23455639,9,3000,60,684;1522;2296,tree-hmm-aicc,,0,0,3,,0,0,false,,,,,0.08099999999999831,6998.006409999973,42,37 family trees; 5 unique topologies; 28 cached subset tests; 1 states; 0 refinements (not required); delta AICc 0.000; logL -16362.392 vs null -16362.392,32.69242800003849,7.3579079999472015,283.1926139999996,7.421687000023667,0.07899999999999996,0.023655184725840744,0.44945207496953954,2.8560017865069818,18.06352803600791,0.23424171000692684,0.1593103614081136,0.29721102150537637,0.483,0.35133333333333333,0.9483333333333334,813.7380952380952,846,697.1,913.2,1
gard-high,GARD high-diversity regime (~25% target),1.2,three-break,3 breakpoints · 1 NNI each,3,23455639,9,3000,60,684;1522;2296,oracle-aicc,684,1,0,2,1,0.3333333333333333,0.5,false,0,0,,,0.043,2810.9894340000465,9,complete,32.69242800003849,7.3579079999472015,283.1926139999996,7.421687000023667,0.07899999999999996,0.023655184725840744,0.44945207496953954,2.8560017865069818,18.06352803600791,0.23424171000692684,0.1593103614081136,0.29721102150537637,0.483,0.35133333333333333,0.9483333333333334,813.7380952380952,846,697.1,913.2,1
gard-high,GARD high-diversity regime (~25% target),1.2,three-break,3 breakpoints · 1 NNI each,3,23455639,9,3000,60,684;1522;2296,single-tree,,,,,,,,,,,,,0.081,735.5168520000298,1,topology baseline,32.69242800003849,7.3579079999472015,283.1926139999996,7.421687000023667,0.07899999999999996,0.023655184725840744,0.44945207496953954,2.8560017865069818,18.06352803600791,0.23424171000692684,0.1593103614081136,0.29721102150537637,0.483,0.35133333333333333,0.9483333333333334,813.7380952380952,846,697.1,913.2,1
